CellID, metadata_position,area,global_x_pos,global_y_pos
0,NaN,NaN,NaN,NaN
1,1,703,1.885861e+02,8.497866e+00
2,1,1075,3.125963e+02,1.230884e+01
3,1,330,5.390485e+02,4.884848e+00
4,1,1088,1.889237e+03,1.107353e+01
5,1,1899,7.589784e+01,1.619958e+01
7,1,1729,1.529807e+03,1.518681e+01
10,1,2204,6.393403e+02,1.779628e+01
11,1,702,5.138504e+02,1.151425e+01
12,1,883,5.598686e+02,1.571687e+01
14,1,1199,4.697331e+02,1.798332e+01
16,1,570,4.989737e+02,1.976842e+01
18,1,1608,5.963812e+02,2.499751e+01
19,1,1912,7.906705e+02,1.873431e+01
20,1,880,1.672045e+02,1.719545e+01
23,1,947,1.583083e+02,3.388384e+01
24,1,2245,1.049506e+03,2.758530e+01
25,1,1267,1.121315e+03,2.036069e+01
26,1,1901,2.430331e+02,3.152183e+01
27,1,1984,9.078049e+02,2.648589e+01
28,1,1100,1.439218e+03,3.378364e+01
30,1,607,1.460359e+03,3.062768e+01
34,1,1255,7.750685e+02,4.433625e+01
36,1,1229,1.094579e+03,4.830431e+01
37,1,1311,1.289550e+02,3.279558e+01
38,1,1315,1.381934e+03,4.481977e+01
39,1,637,5.345024e+02,4.467033e+01
41,1,1487,1.168917e+03,4.757364e+01
42,1,1155,4.528303e+02,4.680693e+01
44,1,1261,1.240270e+02,5.709278e+01
45,1,1953,3.218044e+02,5.464619e+01
46,1,1938,1.123722e+03,7.007998e+01
47,1,1490,1.337310e+03,6.052013e+01
49,1,1391,4.732150e+02,7.283249e+01
51,1,1062,5.187552e+02,6.959510e+01
52,1,1703,6.950323e+01,6.579037e+01
53,1,841,5.551427e+02,7.287158e+01
55,1,1825,1.866613e+03,6.713753e+01
56,1,1750,4.230034e+02,6.523314e+01
57,1,1044,1.186951e+03,7.233812e+01
58,1,1993,1.216881e+03,7.352735e+01
61,1,1850,8.963032e+02,7.221405e+01
62,1,2025,3.155901e+01,7.114123e+01
63,1,2443,1.863565e+02,6.917233e+01
65,1,2566,7.879754e+02,7.791076e+01
67,1,1321,5.379039e+02,9.536639e+01
68,1,1399,3.137098e+02,8.473981e+01
69,1,2393,1.501640e+03,8.159841e+01
70,1,2549,1.264630e+03,9.028403e+01
72,1,2423,8.488894e+02,9.500041e+01
73,1,2925,6.858106e+02,8.377231e+01
74,1,1534,9.353611e+02,8.467862e+01
76,1,1012,1.161122e+03,8.839921e+01
77,1,2064,1.391827e+03,9.298643e+01
78,1,1458,2.595117e+02,1.000336e+02
80,1,2115,4.278340e+02,1.044279e+02
85,1,1277,284,1.166766e+02
88,1,1396,8.947915e+02,1.156218e+02
89,1,1668,1.859550e+02,1.137944e+02
91,1,2080,1.511989e+03,1.238639e+02
92,1,1694,1.426571e+03,1.268264e+02
93,1,1212,3.204975e+02,1.157599e+02
94,1,1349,7.085300e+02,1.191987e+02
95,1,1980,7.859924e+02,1.213551e+02
97,1,1987,6.177620e+02,1.231595e+02
98,1,1735,6.588202e+02,1.245308e+02
99,1,1114,1.147215e+03,1.357711e+02
100,1,1361,4.727303e+02,1.374475e+02
101,1,1432,1.259434e+02,1.315307e+02
103,1,2022,7.414075e+02,1.342349e+02
105,1,2215,1.592414e+03,1.374135e+02
107,1,2027,1.686955e+03,1.468130e+02
108,1,1637,1.596536e+02,1.459713e+02
110,1,2486,3.850708e+02,1.521838e+02
111,1,899,6.978765e+02,1.459911e+02
112,1,1417,1.647552e+03,1.428758e+02
113,1,1227,3.007221e+02,1.502388e+02
114,1,1832,1.250100e+03,1.480568e+02
116,1,830,1.185120e+03,1.491265e+02
117,1,1840,1.298623e+03,1.472380e+02
118,1,2668,1.012926e+03,1.502084e+02
119,1,1709,8.121849e+02,1.569304e+02
120,1,2146,8.761934e+02,1.542870e+02
121,1,1608,4.968414e+02,1.583881e+02
122,1,2161,6.067247e+02,1.631379e+02
123,1,961,6.709438e+02,1.585140e+02
124,1,1552,1.162030e+03,1.683441e+02
126,1,1840,1.174033e+02,1.653293e+02
127,1,1843,1.621856e+03,1.687406e+02
128,1,1462,7.711224e+02,1.640116e+02
129,1,2279,1.811296e+03,1.682558e+02
130,1,1200,1.061773e+03,1.651133e+02
131,1,2285,1.923225e+02,1.769689e+02
132,1,1670,1.361212e+03,1.779251e+02
133,1,1651,7.008988e+02,1.839376e+02
135,1,1914,1.104634e+03,1.750967e+02
136,1,1142,1.209097e+03,1.716629e+02
138,1,1197,9.452590e+02,1.734662e+02
140,1,1713,7.358984e+02,1.863234e+02
141,1,1308,1.287959e+03,1.939778e+02
143,1,1421,8.754609e+01,1.822759e+02
145,1,1790,7.884408e+02,1.957564e+02
147,1,637,4.728179e+02,1.845275e+02
148,1,1037,1.062694e+03,1.913684e+02
150,1,2110,1.662665e+03,1.893976e+02
151,1,2346,1.960024e+03,1.914727e+02
152,1,1552,9.026997e+02,1.855883e+02
153,1,2380,1.767688e+03,1.967151e+02
154,1,448,8.008705e+01,2.037768e+02
155,1,1336,4.161115e+02,1.871811e+02
156,1,668,9.291931e+02,1.991826e+02
157,1,1612,4.988288e+02,2.004243e+02
158,1,2400,1.862210e+03,1.978546e+02
159,1,793,1.086794e+03,2.057932e+02
160,1,1636,5.516565e+01,1.997188e+02
161,1,828,4.299457e+02,2.058696e+02
162,1,2044,3.134511e+02,2.025714e+02
163,1,1022,4.566546e+02,1.987740e+02
164,1,2156,3.744661e+02,2.020510e+02
165,1,1227,9.536642e+02,2.120481e+02
166,1,956,5.807061e+02,2.040764e+02
168,1,1558,5.498620e+02,2.104602e+02
169,1,1691,1.016413e+03,2.099598e+02
172,1,1056,4.484261e+02,2.275795e+02
173,1,2174,6.692079e+02,2.148786e+02
174,1,2182,1.327376e+03,2.138341e+02
175,1,1122,9.085098e+02,2.286622e+02
176,1,1997,1.925950e+03,2.236775e+02
177,1,1879,8.731181e+02,2.233960e+02
178,1,2039,1.366936e+03,2.264350e+02
179,1,1201,9.829759e+02,2.217077e+02
180,1,1757,2.771485e+01,2.250751e+02
182,1,1240,4.011105e+02,2.314661e+02
183,1,2065,8.276518e+02,2.268751e+02
184,1,2216,1.064261e+03,2.321782e+02
185,1,1858,1.408583e+03,2.323902e+02
186,1,1402,2.052546e+02,2.324444e+02
187,1,2401,3.246747e+02,2.453253e+02
188,1,1469,5.137597e+02,2.398666e+02
191,1,2381,5.776140e+02,2.431756e+02
193,1,2157,9.826008e+01,2.481011e+02
194,1,1433,6.344941e+01,2.466001e+02
198,1,1971,9.530594e+02,2.582268e+02
200,1,3562,1.282634e+03,2.529798e+02
202,1,1608,401,2.689795e+02
205,1,1405,8.335751e+02,2.642804e+02
206,1,1920,8.923802e+02,2.662901e+02
207,1,1215,1.138300e+03,2.549416e+02
209,1,2286,6.575402e+02,2.606759e+02
211,1,1727,4.473665e+02,2.744331e+02
213,1,1558,1.095164e+03,2.710770e+02
214,1,1471,5.186139e+02,2.789973e+02
216,1,1637,9.907899e+02,2.794887e+02
217,1,1461,5.466899e+02,2.782580e+02
218,1,1235,1.120283e+03,2.812032e+02
219,1,3164,7.713831e+02,2.865550e+02
221,1,1811,1.222179e+03,2.912634e+02
222,1,2004,5.803388e+02,2.929446e+02
223,1,2062,9.031620e+01,2.975858e+02
224,1,2714,1.654773e+03,2.894130e+02
225,1,2013,1.299842e+03,3.025663e+02
227,1,1455,8.135285e+02,3.011924e+02
228,1,919,8.405332e+02,3.013613e+02
230,1,1607,1.978407e+01,3.027673e+02
231,1,1889,1.010290e+03,3.078846e+02
232,1,1776,3.574369e+02,3.025552e+02
234,1,1891,3.943109e+02,3.126790e+02
235,1,1051,8.652131e+02,3.073092e+02
238,1,2371,3.066035e+02,3.106622e+02
239,1,1856,1.965699e+03,3.141293e+02
241,1,2173,1.398659e+03,3.196424e+02
242,1,1696,5.569575e+01,3.282229e+02
244,1,1546,6.752490e+02,3.357794e+02
246,1,2111,1.257582e+03,3.302127e+02
247,1,1535,1.327911e+03,3.290678e+02
248,1,753,7.892430e+00,3.431567e+02
249,1,1363,1.202809e+03,3.278063e+02
250,1,2493,1.087800e+03,3.409763e+02
251,1,2100,1.660952e+03,3.382167e+02
253,1,1803,4.498674e+02,3.407510e+02
255,1,684,1.219830e+03,3.447807e+02
257,1,2053,1.967321e+03,3.497969e+02
260,1,1802,5.903552e+02,3.388935e+02
263,1,1811,1.376279e+03,3.595616e+02
265,1,1035,5.756870e+02,3.649758e+02
266,1,1423,1.332972e+03,3.584385e+02
269,1,1348,1.172180e+03,3.566335e+02
270,1,2220,1.686171e+02,3.545752e+02
271,1,1824,1.133008e+03,3.581557e+02
272,1,1877,6.512206e+02,3.609750e+02
274,1,1199,5.178982e+01,3.675079e+02
275,1,1492,8.972118e+01,3.617319e+02
276,1,2238,1.720799e+03,3.657525e+02
278,1,2372,1.424112e+03,3.629195e+02
280,1,2166,1.802182e+03,3.663707e+02
281,1,1338,3.460807e+02,3.688722e+02
282,1,1457,1.239275e+03,3.768044e+02
283,1,2068,3.041523e+02,3.716296e+02
284,1,1559,8.112893e+02,3.705106e+02
285,1,1684,4.488967e+02,3.789097e+02
287,1,2524,2.181767e+02,3.803304e+02
288,1,1402,9.779358e+02,3.818466e+02
290,1,1711,1.838060e+03,3.871765e+02
291,1,1027,2.721879e+02,3.798296e+02
292,1,1724,1.753526e+03,3.905644e+02
294,1,2114,3.995818e+02,3.859825e+02
297,1,2179,7.699390e+02,3.941790e+02
299,1,1287,5.775571e+02,3.945493e+02
301,1,1528,3.515046e+02,3.988004e+02
302,1,1381,1.205062e+03,3.929681e+02
303,1,2395,1.157921e+03,3.976868e+02
304,1,2699,5.063327e+02,3.971312e+02
305,1,1982,1.866706e+03,4.043017e+02
306,1,1739,1.260962e+03,4.108545e+02
307,1,1993,7.875615e+01,4.007878e+02
311,1,1696,1.556781e+02,4.061291e+02
312,1,1108,1.312684e+03,4.029486e+02
314,1,1806,1.355413e+03,4.064873e+02
315,1,1637,2.732291e+02,4.150250e+02
316,1,1962,4.348909e+02,4.157120e+02
317,1,1810,3.606077e+01,4.097193e+02
324,1,1846,8.882925e+02,4.183451e+02
328,1,2749,1.056674e+03,4.252819e+02
330,1,2313,5.496688e+02,4.298638e+02
331,1,1720,9.963936e+02,4.356680e+02
332,1,1214,1.658386e+03,4.281837e+02
338,1,1804,5.008065e+02,4.499235e+02
339,1,1372,1.760284e+02,4.450875e+02
340,1,1802,7.893291e+02,4.365483e+02
341,1,2036,6.054858e+02,4.475383e+02
342,1,1546,3.090686e+02,4.426772e+02
343,1,1446,4.687967e+01,4.483762e+02
345,1,1847,1.648154e+03,4.574136e+02
349,1,1399,2.192781e+01,4.658270e+02
351,1,2345,1.830841e+03,4.672806e+02
352,1,1500,8.758360e+02,4.666087e+02
354,1,1317,8.246576e+02,4.816583e+02
355,1,2338,3.413251e+02,4.775068e+02
356,1,1286,2.718764e+02,4.722177e+02
357,1,2210,5.775303e+02,4.784611e+02
359,1,1217,3.003155e+02,4.823525e+02
361,1,3090,1.027529e+03,4.914023e+02
362,1,2210,1.836643e+02,4.909787e+02
364,1,2521,1.567934e+03,4.967866e+02
365,1,3146,4.661008e+02,4.945880e+02
366,1,1160,2.482095e+02,4.929509e+02
369,1,659,2.089605e+02,5.028407e+02
371,1,1085,2.232028e+02,5.149373e+02
373,1,1356,2.783437e+02,5.179882e+02
374,1,2133,1.153844e+03,5.154937e+02
378,1,663,2.474299e+02,5.274540e+02
380,1,2352,1.406076e+02,5.257037e+02
381,1,1461,1.207239e+03,5.270746e+02
385,1,1718,7.830576e+02,5.279226e+02
386,1,1749,1.415641e+03,5.273751e+02
387,1,2475,1.673152e+03,5.272986e+02
388,1,1463,8.741312e+02,5.351230e+02
390,1,1567,4.569324e+02,5.347441e+02
392,1,2456,3.414646e+02,5.460244e+02
394,1,1234,1.370041e+03,5.449441e+02
398,1,1929,1.332387e+03,5.486236e+02
399,1,1081,4.385430e+02,5.541600e+02
400,1,1948,6.354589e+02,5.422459e+02
401,1,1472,2.100156e+02,5.520992e+02
402,1,2106,2.690128e+02,5.565237e+02
404,1,1772,1.654762e+03,5.600988e+02
406,1,1044,3.701504e+02,5.544569e+02
410,1,1840,6.306375e+02,5.771212e+02
411,1,1326,1.248614e+03,5.625030e+02
412,1,3229,1.956809e+03,5.707993e+02
413,1,2461,3.683462e+01,5.756384e+02
414,1,2076,3.953690e+02,5.674986e+02
416,1,1008,1.891706e+02,5.715714e+02
417,1,1598,4.458129e+02,5.817453e+02
419,1,2319,5.794183e+02,5.827680e+02
421,1,1703,1.408290e+03,5.869818e+02
422,1,2341,1.272794e+03,5.913960e+02
423,1,2068,7.946891e+02,5.839255e+02
424,1,1156,1.669879e+02,5.835433e+02
425,1,1798,1.090929e+02,5.959049e+02
426,1,1115,1.428152e+02,5.883570e+02
427,1,2338,5.168751e+02,5.914140e+02
428,1,1952,2.110835e+02,6.029129e+02
433,1,1923,1.211565e+03,6.022553e+02
437,1,340,4.972088e+02,6.140588e+02
440,1,2486,1.489903e+03,6.142401e+02
442,1,1319,4.423207e+02,6.293230e+02
443,1,1173,1.488244e+02,6.263078e+02
444,1,1013,1.788707e+02,6.262359e+02
447,1,1112,4.890836e+02,6.368975e+02
449,1,1434,5.238815e+02,6.375732e+02
450,1,2215,7.808289e+02,6.282492e+02
451,1,1958,3.613345e+02,6.416542e+02
453,1,1852,1.092802e+02,6.356609e+02
456,1,2595,1.379327e+03,6.432740e+02
457,1,1577,2.321465e+02,6.401338e+02
460,1,1600,1.092611e+03,6.547931e+02
463,1,1731,1.527345e+03,6.532611e+02
464,1,2532,6.087093e+02,6.528870e+02
465,1,2263,4.001816e+02,6.576452e+02
468,1,1497,2.674542e+02,6.646206e+02
469,1,1053,4.269345e+02,6.600038e+02
470,1,1902,6.172240e+01,6.636220e+02
473,1,1895,1.584475e+02,6.631583e+02
474,1,1650,2.270127e+02,6.738903e+02
480,1,1400,1.425071e+02,6.890057e+02
482,1,2153,1.001273e+02,6.839336e+02
486,1,1313,4.809650e+02,6.913503e+02
490,1,1899,4.361001e+02,6.934634e+02
492,1,1500,7.125540e+02,6.967980e+02
493,1,1997,4.731948e+01,7.036730e+02
495,1,1814,1.720968e+03,7.010739e+02
496,1,1147,9.012101e+02,7.080584e+02
497,1,2012,1.911809e+03,7.101640e+02
498,1,2345,1.231406e+03,7.117838e+02
504,1,1898,1.948240e+03,7.161781e+02
505,1,866,1.176747e+03,7.161778e+02
508,1,1478,1.982497e+03,7.234871e+02
510,1,1942,1.759060e+03,7.190705e+02
511,1,2735,5.963974e+02,7.250293e+02
514,1,1136,1.371629e+02,7.331435e+02
515,1,1976,3.488978e+02,7.360587e+02
518,1,1468,1.092691e+03,7.399455e+02
519,1,1962,4.154139e+02,7.361656e+02
521,1,2344,8.263481e+01,7.354445e+02
523,1,1959,7.887586e+02,7.411710e+02
524,1,1976,1.723611e+03,7.493350e+02
525,1,2997,1.147621e+03,7.456280e+02
530,1,1006,1.038983e+03,7.571660e+02
531,1,1568,1.633556e+03,7.668099e+02
533,1,1750,3.763674e+02,7.660800e+02
535,1,1616,5.897865e+02,7.650588e+02
538,1,1329,1.250959e+03,7.642807e+02
539,1,1050,1.222619e+03,7.620162e+02
540,1,1560,1.067097e+03,7.722256e+02
541,1,3131,4.501210e+02,7.805401e+02
542,1,1914,9.314791e+02,7.725397e+02
543,1,1968,1.421865e+03,7.829766e+02
545,1,1409,8.174762e+02,7.746615e+02
546,1,598,1.191184e+03,7.873127e+02
547,1,1805,2.498809e+02,7.805346e+02
549,1,1445,4.049336e+02,7.814685e+02
550,1,1519,5.680415e+02,7.883094e+02
552,1,948,7.855506e+02,7.869357e+02
555,1,970,1.752761e+03,7.994546e+02
557,1,972,2.106235e+02,7.985237e+02
558,1,2127,6.276164e+02,7.946930e+02
561,1,1596,1.261703e+03,8.001034e+02
563,1,2339,1.502244e+03,7.960453e+02
564,1,2313,1.330843e+02,8.032905e+02
566,1,2142,8.311345e+01,8.027330e+02
569,1,994,1.214648e+03,8.100875e+02
570,1,2246,2.652716e+02,8.162079e+02
571,1,2188,4.035137e+02,8.212016e+02
572,1,1598,1.332463e+03,8.158235e+02
576,1,1802,5.703929e+02,8.217103e+02
577,1,3593,1.694856e+03,8.189012e+02
578,1,821,1.170629e+03,8.202619e+02
579,1,1035,1.506621e+03,8.341353e+02
581,1,2243,1.804472e+02,8.228805e+02
583,1,1742,1.555666e+03,8.304449e+02
584,1,1678,6.119768e+02,8.339076e+02
585,1,2097,6.521907e+02,8.395770e+02
588,1,2499,5.142133e+02,8.394390e+02
591,1,1927,9.185776e+02,8.491884e+02
594,1,2078,3.457892e+02,8.394605e+02
596,1,2081,1.657714e+03,8.501144e+02
602,1,1263,1.231483e+03,8.470839e+02
603,1,1639,1.267308e+03,8.611922e+02
605,1,1988,7.728612e+02,8.522098e+02
606,1,1088,1.182701e+03,8.605386e+02
608,1,1754,1.056349e+03,8.569407e+02
609,1,2266,1.576121e+02,8.591739e+02
612,1,1897,9.522008e+02,8.650633e+02
614,1,1126,1.051421e+01,8.612922e+02
615,1,2447,5.671328e+02,8.678116e+02
616,1,2081,6.992821e+02,8.618280e+02
618,1,2364,3.263164e+02,8.785596e+02
620,1,2006,1.569043e+03,8.730528e+02
621,1,756,5.285741e+02,8.750608e+02
625,1,2091,6.733123e+02,8.906518e+02
629,1,2088,5.347222e+01,8.924262e+02
630,1,2458,5.182583e+02,9.043853e+02
632,1,1603,8.807355e+02,8.989457e+02
639,1,2184,2.193306e+02,9.201804e+02
640,1,751,3.938389e+02,9.202277e+02
641,1,1156,1.538894e+03,9.186739e+02
642,1,1581,1.214569e+03,9.164624e+02
643,1,2084,1.590684e+03,9.226252e+02
644,1,1334,1.153923e+03,9.182001e+02
646,1,2637,7.896310e+02,9.217319e+02
648,1,2049,6.000976e+01,9.350883e+02
651,1,2434,1.477948e+03,9.346081e+02
653,1,616,3.881526e+02,9.389205e+02
656,1,1972,6.704589e+02,9.420685e+02
659,1,1870,3.617989e+02,9.479866e+02
660,1,1174,1.103603e+03,9.450656e+02
661,1,1550,1.160889e+03,9.493471e+02
662,1,1425,1.246698e+03,9.410863e+02
664,1,1019,1.188162e+03,9.451335e+02
666,1,1328,6.237327e+02,9.489721e+02
667,1,1723,8.679071e+02,9.522252e+02
669,1,1868,2.501697e+02,9.554026e+02
670,1,2222,4.851575e+02,9.479788e+02
671,1,872,1.530271e+03,9.537443e+02
674,1,2068,4.237021e+02,9.478003e+02
676,1,862,2.893457e+02,9.689234e+02
677,1,2140,5.930196e+02,9.700584e+02
678,1,2416,1.365368e+03,9.642645e+02
683,1,2570,5.486576e+02,9.776393e+02
684,1,2017,9.046916e+02,9.730977e+02
685,1,2155,7.054886e+02,9.722097e+02
687,1,2657,7.835728e+02,9.779131e+02
688,1,1699,1.113770e+03,9.781236e+02
689,1,2496,1.505532e+03,9.816302e+02
690,1,1957,3.242223e+02,9.831400e+02
691,1,2453,5.317856e+01,9.848863e+02
692,1,1522,2.110979e+02,9.825420e+02
693,1,1707,1.190537e+03,9.877633e+02
694,1,2864,1.286198e+03,9.933160e+02
699,1,1525,6.174748e+02,9.984551e+02
700,1,2677,1.834662e+03,9.971868e+02
701,1,1071,1.087882e+03,1.003507e+03
702,1,3704,8.359301e+02,9.968469e+02
703,1,1025,6.789561e+02,1.008295e+03
705,1,2168,7.448141e+02,1.000995e+03
706,1,949,1.768757e+02,1.001978e+03
708,1,743,1.985074e+02,1.018974e+03
711,1,1653,7.063188e+02,1.022623e+03
712,1,1977,8.839095e+02,1.011754e+03
714,1,1389,2.271361e+02,1.030310e+03
715,1,765,1.194839e+03,1.024898e+03
717,1,1387,3.401694e+02,1.022048e+03
718,1,980,8.007092e+02,1.028999e+03
721,1,2149,4.898939e+02,1.025690e+03
724,1,1019,4.221384e+02,1.034507e+03
726,1,1694,1.077356e+03,1.037143e+03
727,1,1828,1.718396e+03,1.035695e+03
729,1,960,4.484219e+02,1.044696e+03
730,1,772,4.654288e+02,1.053557e+03
731,1,1077,6.718997e+02,1.047506e+03
732,1,1507,1.044299e+03,1.048736e+03
733,1,2164,5.250633e+02,1.052524e+03
736,1,954,1.009599e+03,1.053655e+03
737,1,2333,1.250060e+02,1.052381e+03
738,1,2301,3.425359e+02,1.059975e+03
739,1,1812,9.350281e+02,1.059999e+03
742,1,723,1.027509e+03,1.071065e+03
743,1,2077,1.387364e+03,1.057571e+03
744,1,2238,4.171175e+02,1.073418e+03
745,1,2454,6.011361e+02,1.062122e+03
746,1,834,6.636343e+02,1.071523e+03
747,1,1879,1.435048e+03,1.067017e+03
750,1,1736,1.976214e+03,1.060964e+03
751,1,1733,1.139259e+03,1.067801e+03
752,1,1632,1.234037e+03,1.072388e+03
753,1,769,1.172616e+03,1.076044e+03
754,1,2091,8.689809e+02,1.079409e+03
755,1,1893,2.264791e+02,1.073151e+03
756,1,718,9.708496e+02,1.077844e+03
757,1,1967,1.089322e+03,1.077754e+03
758,1,1676,1.010543e+02,1.090815e+03
759,1,1730,4.720694e+01,1.075795e+03
763,1,1518,7.373254e+02,1.092801e+03
764,1,2397,8.290259e+02,1.096250e+03
766,1,2305,1.266402e+03,1.090025e+03
767,1,2438,1.539096e+03,1.095547e+03
768,1,2501,2.702647e+02,1.089282e+03
770,1,891,7.083367e+02,1.101398e+03
771,1,2144,1.201917e+03,1.105599e+03
772,1,1652,1.073909e+03,1.109731e+03
776,1,1844,1.436302e+03,1.111191e+03
777,1,2430,1.642486e+03,1.108818e+03
779,1,2065,1.879105e+03,1.107460e+03
780,1,1171,7.603279e+02,1.110027e+03
781,1,686,1.166491e+03,1.108665e+03
782,1,1525,6.448393e+01,1.113590e+03
783,1,2218,6.772399e+02,1.113392e+03
784,1,1759,6.180671e+02,1.124826e+03
786,1,3083,1.033655e+03,1.119422e+03
788,1,1250,2.910704e+02,1.125474e+03
789,1,1820,5.456159e+02,1.122599e+03
790,1,986,2.570122e+02,1.126311e+03
793,1,994,4.302777e+02,1.122479e+03
794,1,2933,1.299985e+03,1.131749e+03
795,1,1763,7.902751e+02,1.132888e+03
796,1,1399,9.921901e+02,1.134605e+03
797,1,956,4.114017e+02,1.140228e+03
798,1,2040,1.111426e+03,1.133966e+03
800,1,859,1.169828e+03,1.150640e+03
801,1,2083,1.204666e+03,1.154974e+03
802,1,2243,3.424316e+02,1.143675e+03
804,1,1787,5.789452e+02,1.145527e+03
805,1,2593,1.897460e+03,1.149025e+03
806,1,1913,1.943123e+03,1.145057e+03
809,1,2401,1.818419e+03,1.153357e+03
810,1,1470,4.306605e+02,1.161507e+03
811,1,1226,1.133407e+03,1.164184e+03
812,1,1821,1.231400e+02,1.157748e+03
813,1,1627,5.168009e+02,1.154019e+03
815,1,1876,8.472377e+02,1.162107e+03
817,1,1397,1.490336e+01,1.160325e+03
818,1,535,1.880271e+03,1.173088e+03
819,1,1646,2.498949e+02,1.171686e+03
820,1,875,1.861357e+03,1.167683e+03
821,1,1559,5.339314e+02,1.179249e+03
823,1,1354,5.081019e+01,1.165693e+03
824,1,1007,5.722383e+02,1.182497e+03
827,1,1861,1.336139e+03,1.174319e+03
828,1,1751,1.108056e+03,1.186816e+03
829,1,2328,6.068565e+02,1.183716e+03
831,1,2090,4.510976e+02,1.187809e+03
832,1,1077,4.015320e+01,1.192234e+03
833,1,1073,1.182624e+03,1.186559e+03
834,1,1538,1.289287e+03,1.193214e+03
837,1,627,1.331579e+03,1.201188e+03
839,1,1786,1.839883e+03,1.194021e+03
840,1,1381,1.434345e+02,1.188849e+03
841,1,2285,9.889370e+02,1.191453e+03
842,1,2391,6.533559e+02,1.197135e+03
843,1,1306,7.441279e+02,1.196681e+03
844,1,1478,1.029668e+03,1.187526e+03
845,1,1277,1.987829e+03,1.191359e+03
846,1,2373,1.158629e+03,1.202274e+03
847,1,2877,1.914053e+02,1.201587e+03
850,1,1727,7.757116e+02,1.200603e+03
851,1,772,1.060534e+03,1.193080e+03
852,1,2483,8.150793e+02,1.203896e+03
853,1,1384,1.086981e+03,1.200345e+03
855,1,1233,1.940466e+03,1.205933e+03
857,1,1174,1.653748e+01,1.213726e+03
858,1,1913,3.246634e+02,1.213886e+03
859,1,613,1.014072e+03,1.219718e+03
860,1,1296,1.362668e+03,1.222480e+03
863,1,1117,1.062915e+03,1.225406e+03
864,1,1559,1.316216e+02,1.221372e+03
867,1,2470,9.438146e+02,1.221776e+03
868,1,2515,5.352358e+02,1.223843e+03
869,1,2698,4.134514e+02,1.222919e+03
870,1,1583,5.778629e+02,1.228201e+03
871,1,452,6.811615e+02,1.233146e+03
874,1,612,1.962745e+01,1.245191e+03
877,1,1766,1.139472e+03,1.241423e+03
878,1,1179,6.628753e+02,1.237394e+03
879,1,2037,7.734929e+02,1.243804e+03
880,1,2250,1.862623e+03,1.242275e+03
881,1,844,1.349443e+03,1.238540e+03
883,1,321,1.047857e+03,1.243626e+03
884,1,819,1.093578e+03,1.241147e+03
887,1,2338,8.516082e+02,1.257702e+03
889,1,975,1.963349e+03,1.259334e+03
890,1,963,1.987166e+03,1.241704e+03
892,1,1130,8.957602e+02,1.259127e+03
895,1,2182,1.207667e+02,1.254436e+03
896,1,2342,3.141623e+02,1.260429e+03
897,1,1296,9.965316e+02,1.252546e+03
898,1,1374,1.078178e+03,1.262428e+03
899,1,1459,1.306550e+03,1.258510e+03
900,1,1291,6.476902e+02,1.262180e+03
901,1,1288,9.247508e+02,1.267833e+03
902,1,1411,1.346682e+03,1.269578e+03
904,1,1542,5.748586e+02,1.266515e+03
905,1,1275,9.812400e+02,1.271736e+03
906,1,1746,1.806339e+03,1.270709e+03
907,1,1534,4.708057e+02,1.273832e+03
909,1,1227,7.755412e+02,1.277363e+03
910,1,1158,6.467081e+02,1.290877e+03
911,1,1134,1.921012e+03,1.273805e+03
913,1,522,1.873132e+03,1.275358e+03
914,1,939,1.893740e+03,1.274752e+03
915,1,1738,7.236778e+02,1.281730e+03
917,1,1247,1.065689e+03,1.291389e+03
918,1,2276,1.250432e+03,1.283091e+03
919,1,1629,7.550037e+02,1.298086e+03
920,1,1746,1.180316e+03,1.286065e+03
921,1,1858,1.986550e+02,1.285790e+03
922,1,1874,5.528783e+02,1.290517e+03
924,1,2438,3.492912e+02,1.289781e+03
925,1,2108,4.129312e+02,1.292993e+03
927,1,2500,1.521941e+03,1.294504e+03
929,1,961,1.858223e+03,1.298696e+03
930,1,1738,1.022483e+03,1.294713e+03
931,1,1852,1.108870e+03,1.288468e+03
933,1,1952,9.609355e+02,1.299369e+03
934,1,1917,1.155250e+03,1.304801e+03
935,1,900,1.887082e+03,1.309898e+03
936,1,1291,1.940346e+03,1.306162e+03
937,1,2032,4.796969e+02,1.307139e+03
938,1,2037,6.895400e+02,1.315825e+03
941,1,2974,1.287864e+03,1.325968e+03
943,1,1639,2.673948e+02,1.307571e+03
944,1,496,1.124966e+03,1.313294e+03
945,1,1893,1.678300e+03,1.327669e+03
946,1,2211,1.323017e+02,1.312583e+03
948,1,2003,8.897464e+02,1.318577e+03
949,1,2002,1.808480e+03,1.314150e+03
950,1,589,1.917436e+03,1.327577e+03
951,1,535,1.850245e+03,1.319718e+03
952,1,1461,9.297659e+02,1.321493e+03
953,1,405,1.968410e+03,1.326795e+03
954,1,877,1.570559e+02,1.332176e+03
955,1,1440,9.883035e+02,1.326242e+03
956,1,1108,1.031222e+03,1.326098e+03
957,1,2790,3.096190e+02,1.324114e+03
958,1,1507,5.993245e+02,1.334361e+03
964,1,1109,1.096105e+03,1.330766e+03
965,1,709,1.953601e+03,1.339035e+03
967,1,516,1.123074e+03,1.338269e+03
968,1,1861,2.571359e+02,1.343699e+03
970,1,2533,2.510422e+01,1.343029e+03
971,1,2321,5.309922e+02,1.340243e+03
972,1,1403,1.718227e+03,1.337562e+03
973,1,656,1.141602e+03,1.338166e+03
974,1,1029,1.894080e+03,1.346021e+03
977,1,442,1.848396e+03,1.349312e+03
978,1,1212,1.053444e+03,1.356955e+03
979,1,433,1.581293e+02,1.350386e+03
982,1,2291,1.545158e+03,1.348474e+03
983,1,997,4.827081e+02,1.347349e+03
984,1,663,1.102525e+03,1.357522e+03
985,1,1094,1.017690e+03,1.354911e+03
986,1,1049,1.866842e+03,1.348204e+03
988,1,716,1.926112e+03,1.350128e+03
989,1,563,1.785496e+03,1.351245e+03
990,1,1361,1.347649e+02,1.358147e+03
992,1,1029,1.967916e+03,1.371137e+03
993,1,1834,6.210224e+02,1.360471e+03
994,1,1767,6.874793e+02,1.359117e+03
995,1,1568,9.531505e+02,1.358317e+03
996,1,358,1.913668e+03,1.365676e+03
997,1,1029,1.121219e+03,1.373319e+03
998,1,2320,1.623453e+03,1.365035e+03
999,1,628,1.942994e+03,1.365482e+03
1000,1,1294,9.770533e+02,1.373550e+03
1001,1,330,1.775818e+03,1.364667e+03
1002,1,1618,7.263949e+02,1.361249e+03
1004,1,186,1.887043e+03,1.369866e+03
1005,1,1771,1.895302e+02,1.367744e+03
1007,1,1467,1.064274e+02,1.371490e+03
1008,1,721,7.582885e+02,1.363262e+03
1009,1,983,1.002624e+03,1.377110e+03
1011,1,2263,4.744768e+02,1.377833e+03
1013,1,1828,1.695891e+03,1.375663e+03
1016,1,1955,8.892363e+02,1.376375e+03
1018,1,655,2.916595e+02,1.370577e+03
1020,1,221,1.850606e+03,1.381910e+03
1021,1,581,1.787262e+03,1.385373e+03
1022,1,643,1.899689e+03,1.385081e+03
1025,1,2464,8.080706e+02,1.381822e+03
1026,1,2408,3.083547e+02,1.393636e+03
1028,1,965,6.071202e+02,1.397123e+03
1029,1,1976,1.154910e+03,1.390492e+03
1030,1,2171,6.600530e+02,1.391671e+03
1031,1,1497,1.797228e+02,1.398949e+03
1032,1,1811,2.297929e+02,1.390923e+03
1033,1,1505,1.936243e+03,1.395155e+03
1035,1,2691,1.481697e+03,1.398438e+03
1036,1,998,1.816442e+03,1.389410e+03
1037,1,1120,1.040289e+03,1.391461e+03
1038,1,2398,2.331526e+01,1.399947e+03
1039,1,1655,1.087695e+03,1.388537e+03
1040,1,616,6.331201e+02,1.398542e+03
1043,1,1119,1.723881e+03,1.396783e+03
1044,1,495,1.772695e+03,1.401701e+03
1045,1,543,7.371602e+02,1.409411e+03
1047,1,911,1.849189e+03,1.399566e+03
1049,1,2299,1.431093e+03,1.404854e+03
1050,1,922,5.365184e+02,1.412906e+03
1051,1,1347,1.008215e+03,1.409812e+03
1052,1,1456,1.906834e+03,1.420379e+03
1053,1,1344,1.398496e+03,1.411969e+03
1054,1,582,1.803045e+03,1.410682e+03
1055,1,1198,1.067264e+03,1.414995e+03
1056,1,958,6.264562e+02,1.422395e+03
1057,1,949,1.717536e+03,1.420253e+03
1058,1,1906,1.456238e+02,1.421438e+03
1059,1,1024,5.595674e+02,1.420857e+03
1060,1,438,1.857957e+03,1.423240e+03
1066,1,1474,8.266431e+02,1.422832e+03
1067,1,1166,1.033741e+03,1.429680e+03
1069,1,958,9.068977e+02,1.412432e+03
1070,1,2265,3.963351e+02,1.421999e+03
1071,1,1439,1.084195e+03,1.437245e+03
1072,1,1424,9.390534e+02,1.419326e+03
1073,1,1307,1.123279e+03,1.420532e+03
1075,1,915,8.465541e+02,1.440050e+03
1076,1,2276,2.195092e+02,1.432531e+03
1077,1,2163,7.794864e+02,1.425070e+03
1078,1,1148,1.827794e+03,1.432868e+03
1079,1,1189,4.907620e+02,1.432780e+03
1080,1,670,1.144848e+03,1.432794e+03
1081,1,1737,1.255943e+03,1.440289e+03
1082,1,1324,1.930764e+03,1.438819e+03
1084,1,1604,4.609788e+02,1.431246e+03
1086,1,883,1.759051e+03,1.444079e+03
1087,1,2051,3.074895e+02,1.438913e+03
1089,1,831,8.929868e+02,1.441844e+03
1090,1,1113,9.548598e+02,1.446296e+03
1091,1,930,1.116970e+03,1.454281e+03
1093,1,571,1.852592e+03,1.446597e+03
1094,1,1133,1.881247e+03,1.449957e+03
1095,1,945,1.162800e+03,1.441722e+03
1098,1,728,1.783032e+03,1.451434e+03
1104,1,1277,9.239178e+02,1.468152e+03
1105,1,1332,1.629077e+03,1.446434e+03
1106,1,1106,7.419629e+02,1.465235e+03
1107,1,454,1.805848e+03,1.465262e+03
1108,1,1974,9.531560e+01,1.469822e+03
1109,1,1455,1.267436e+02,1.460464e+03
1110,1,1330,9.758165e+02,1.459990e+03
1111,1,300,1.841907e+03,1.467547e+03
1112,1,1492,1.999497e+02,1.463463e+03
1113,1,1125,1.151416e+03,1.474042e+03
1114,1,2096,4.534666e+02,1.468500e+03
1116,1,2101,6.828272e+02,1.474578e+03
1118,1,2057,1.943682e+03,1.473082e+03
1119,1,1286,8.735793e+02,1.468165e+03
1120,1,1819,1.184463e+03,1.471085e+03
1123,1,3114,1.646856e+03,1.472780e+03
1124,1,1036,1.760952e+03,1.476032e+03
1125,1,1085,9.998894e+02,1.471306e+03
1130,1,1871,2.387948e+02,1.487408e+03
1131,1,2834,6.275924e+02,1.487606e+03
1133,1,1567,5.091366e+02,1.481965e+03
1134,1,1222,1.125520e+03,1.493858e+03
1135,1,952,2.038183e+02,1.493292e+03
1136,1,1296,1.028082e+03,1.492889e+03
1138,1,1414,8.499434e+02,1.491859e+03
1139,1,1603,8.896569e+02,1.498517e+03
1141,1,1111,1.730952e+03,1.489612e+03
1142,1,726,1.798357e+03,1.499335e+03
1143,1,1905,1.742840e+02,1.501753e+03
1144,1,1738,3.397422e+02,1.499914e+03
1145,1,2308,1.407274e+03,1.500584e+03
1146,1,584,1.768296e+03,1.498185e+03
1147,1,468,1.822684e+03,1.498224e+03
1148,1,1271,1.880124e+03,1.496178e+03
1149,1,2233,6.100717e+01,1.493947e+03
1150,1,2313,3.783692e+02,1.497644e+03
1151,1,1546,8.171358e+02,1.503577e+03
1152,1,2049,9.784490e+02,1.504574e+03
1153,1,1589,7.716035e+02,1.497911e+03
1154,1,1104,1.079415e+03,1.499416e+03
1155,1,1980,5.204672e+02,1.508866e+03
1156,1,2165,1.695080e+03,1.499288e+03
1158,1,691,1.767370e+03,1.521281e+03
1160,1,1181,1.221472e+03,1.510867e+03
1161,1,1565,1.276467e+03,1.512571e+03
1162,1,1224,1.819321e+03,1.525857e+03
1165,1,2617,1.612102e+03,1.520963e+03
1166,1,738,1.109603e+03,1.521789e+03
1167,1,1140,9.023623e+02,1.525784e+03
1168,1,2102,6.642617e+02,1.526384e+03
1169,1,828,1.740742e+03,1.517807e+03
1170,1,1505,1.194999e+03,1.520263e+03
1171,1,1807,7.036502e+02,1.517266e+03
1173,1,952,1.076508e+03,1.524064e+03
1174,1,1042,1.036675e+03,1.520349e+03
1176,1,1489,1.684645e+03,1.535521e+03
1180,1,1871,1.901440e+03,1.533686e+03
1184,1,770,9.459442e+02,1.538525e+03
1186,1,1153,9.129393e+02,1.552655e+03
1187,1,776,1.227159e+03,1.543256e+03
1188,1,2111,1.559908e+03,1.544116e+03
1189,1,1084,1.729034e+03,1.539918e+03
1190,1,360,1.768542e+03,1.545228e+03
1191,1,1082,1.006010e+03,1.551548e+03
1193,1,1393,1.483529e+03,1.537189e+03
1194,1,1975,7.136623e+02,1.554773e+03
1195,1,2907,4.860987e+02,1.551223e+03
1197,1,1099,1.050758e+03,1.556096e+03
1198,1,2590,1.399652e+03,1.555097e+03
1199,1,1426,1.075222e+03,1.561677e+03
1200,1,1649,1.811807e+03,1.567166e+03
1201,1,1657,6.318841e+02,1.547786e+03
1202,1,892,1.025530e+03,1.563424e+03
1204,1,629,1.740444e+03,1.560866e+03
1205,1,2457,8.082849e+02,1.556451e+03
1208,1,2355,1.474030e+02,1.567611e+03
1209,1,2536,1.633860e+03,1.571474e+03
1210,1,2024,5.280647e+02,1.575276e+03
1211,1,1873,6.059333e+02,1.576105e+03
1213,1,1062,1.708497e+03,1.570575e+03
1214,1,1599,9.375109e+02,1.578760e+03
1215,1,744,1.189656e+03,1.565211e+03
1217,1,2251,1.478117e+03,1.577486e+03
1218,1,1007,1.748257e+03,1.579581e+03
1219,1,1824,6.429035e+02,1.591721e+03
1220,1,2190,1.928189e+03,1.576972e+03
1221,1,1868,9.693084e+02,1.585589e+03
1222,1,2709,2.552636e+02,1.587237e+03
1223,1,2394,4.417335e+02,1.586288e+03
1224,1,1154,9.016317e+02,1.587819e+03
1226,1,1860,7.415812e+02,1.582740e+03
1227,1,848,1.991138e+03,1.594057e+03
1228,1,1968,3.744649e+02,1.591661e+03
1229,1,1363,8.314109e+02,1.590277e+03
1230,1,2503,1.962161e+03,1.596780e+03
1231,1,1158,1.014142e+03,1.593128e+03
1232,1,1939,8.966323e+01,1.598473e+03
1233,1,1294,1.669866e+03,1.603485e+03
1235,1,1446,1.778114e+03,1.596317e+03
1237,1,1939,1.885111e+03,1.595505e+03
1238,1,1029,7.502371e+02,1.613659e+03
1239,1,1587,1.845038e+03,1.600114e+03
1240,1,1487,1.697337e+03,1.612974e+03
1242,1,1036,1.034460e+03,1.605558e+03
1243,1,581,1.748367e+03,1.614800e+03
1245,1,2512,1.580260e+03,1.614328e+03
1247,1,823,1.728773e+03,1.620663e+03
1248,1,981,4.579480e+02,1.609354e+03
1250,1,840,1.048015e+03,1.618498e+03
1251,1,2111,5.174173e+02,1.619673e+03
1253,1,2271,1.377742e+03,1.620096e+03
1255,1,1596,4.668152e+02,1.631019e+03
1256,1,1317,9.031139e+02,1.622103e+03
1257,1,1364,8.675110e+02,1.618207e+03
1259,1,2005,5.632304e+02,1.627317e+03
1260,1,2488,8.008175e+02,1.622664e+03
1262,1,2456,1.190864e+03,1.624635e+03
1264,1,2057,6.093972e+01,1.625848e+03
1265,1,1456,8.387761e+02,1.634054e+03
1266,1,1845,6.588949e+02,1.632429e+03
1267,1,2447,2.231806e+02,1.630690e+03
1270,1,1950,1.610062e+02,1.645214e+03
1272,1,1614,1.842395e+03,1.640545e+03
1273,1,1264,9.305767e+02,1.640741e+03
1274,1,1078,1.109879e+03,1.638942e+03
1276,1,606,1.712909e+03,1.648818e+03
1277,1,1208,1.681147e+03,1.650267e+03
1278,1,1269,7.092837e+02,1.648065e+03
1279,1,1067,1.079043e+03,1.648999e+03
1280,1,1823,1.056166e+03,1.643966e+03
1281,1,1939,1.180545e+03,1.666900e+03
1282,1,2525,1.257188e+03,1.653699e+03
1284,1,872,1.113693e+03,1.665819e+03
1285,1,858,1.207476e+03,1.661537e+03
1287,1,2333,8.738796e+02,1.663936e+03
1288,1,1283,9.480951e+02,1.668780e+03
1289,1,1397,9.720515e+02,1.658515e+03
1291,1,970,9.382371e+01,1.663859e+03
1292,1,1500,6.862867e+01,1.671448e+03
1293,1,763,6.558742e+02,1.666356e+03
1295,1,1579,9.137992e+02,1.678022e+03
1296,1,2308,4.709541e+02,1.672973e+03
1298,1,1186,1.160536e+03,1.675349e+03
1300,1,2535,1.957813e+03,1.675628e+03
1301,1,2152,1.600503e+03,1.674057e+03
1302,1,462,1.736946e+03,1.667288e+03
1303,1,1422,8.168333e+02,1.674129e+03
1304,1,1263,7.900554e+02,1.677440e+03
1305,1,1747,5.200132e+02,1.680138e+03
1307,1,573,1.699887e+03,1.677567e+03
1308,1,2254,1.769165e+03,1.678196e+03
1309,1,1729,7.648143e+02,1.692493e+03
1310,1,549,5.950820e+00,1.683730e+03
1311,1,2649,2.281261e+02,1.687652e+03
1312,1,1198,9.978339e+02,1.679776e+03
1313,1,965,2.607979e+01,1.679492e+03
1314,1,1765,6.401660e+02,1.686177e+03
1316,1,1104,1.072175e+03,1.687182e+03
1319,1,1798,1.665358e+03,1.688952e+03
1320,1,2510,1.282510e+02,1.693588e+03
1321,1,656,1.729872e+03,1.693383e+03
1323,1,1435,1.025820e+03,1.693475e+03
1326,1,2539,7.215691e+02,1.702736e+03
1332,1,1087,9.616697e+02,1.704537e+03
1334,1,2420,3.911351e+02,1.699855e+03
1335,1,1335,2.045094e+01,1.717612e+03
1336,1,1201,9.941823e+02,1.717092e+03
1338,1,926,1.717229e+03,1.721637e+03
1339,1,2776,1.923575e+03,1.717408e+03
1343,1,1983,5.918880e+02,1.726339e+03
1346,1,1960,3.670056e+02,1.733043e+03
1347,1,1301,1.639322e+03,1.720765e+03
1348,1,942,9.649883e+02,1.736615e+03
1349,1,463,1.690698e+03,1.728069e+03
1350,1,2549,5.221040e+02,1.730560e+03
1352,1,569,1.755671e+03,1.734276e+03
1353,1,513,1.739166e+03,1.727222e+03
1354,1,2207,1.083209e+03,1.736440e+03
1356,1,1008,9.242024e+02,1.740525e+03
1357,1,2084,1.594391e+03,1.736042e+03
1358,1,863,1.669265e+03,1.743323e+03
1360,1,1476,1.628324e+03,1.754734e+03
1361,1,1491,4.122750e+02,1.746836e+03
1362,1,2984,4.587068e+02,1.746716e+03
1364,1,790,9.066494e+02,1.747987e+03
1367,1,2388,1.822900e+03,1.752426e+03
1369,1,1882,6.253709e+02,1.755171e+03
1370,1,1590,8.674881e+02,1.753350e+03
1371,1,1645,9.934055e+02,1.756583e+03
1373,1,764,1.731921e+03,1.756169e+03
1375,1,1804,6.794418e+02,1.755559e+03
1376,1,1190,1.768114e+03,1.758158e+03
1379,1,337,1.701291e+03,1.762884e+03
1380,1,1569,8.030127e+02,1.760374e+03
1382,1,751,1.660518e+03,1.767712e+03
1383,1,1455,1.021432e+03,1.768140e+03
1387,1,1391,2.604572e+02,1.772635e+03
1388,1,974,9.035780e+02,1.774034e+03
1389,1,2168,1.100395e+03,1.778007e+03
1390,1,1253,1.712176e+03,1.783263e+03
1391,1,2707,5.707152e+02,1.780369e+03
1392,1,2459,1.161146e+03,1.789505e+03
1394,1,1661,7.621318e+02,1.779155e+03
1396,1,935,9.380599e+02,1.780800e+03
1398,1,1870,2.261973e+02,1.788376e+03
1400,1,1887,9.741786e+02,1.792803e+03
1401,1,1932,5.197686e+02,1.793793e+03
1402,1,775,1.690963e+03,1.804280e+03
1403,1,564,1.735594e+03,1.790014e+03
1407,1,1260,6.185492e+02,1.796376e+03
1409,1,1751,1.632591e+03,1.800146e+03
1410,1,2570,1.936274e+03,1.803936e+03
1411,1,883,9.291031e+02,1.805183e+03
1412,1,2029,2.674825e+02,1.811241e+03
1413,1,835,9.010766e+02,1.813847e+03
1414,1,827,8.726481e+01,1.806622e+03
1415,1,1411,7.953473e+02,1.805444e+03
1416,1,2324,1.595587e+03,1.810176e+03
1417,1,1620,4.953130e+02,1.818277e+03
1418,1,1801,1.737457e+03,1.822501e+03
1419,1,988,1.668018e+03,1.821540e+03
1422,1,1965,6.371338e+02,1.824444e+03
1425,1,1283,1.561893e+03,1.820129e+03
1426,1,1661,6.706123e+02,1.829369e+03
1429,1,633,1.546344e+03,1.831021e+03
1432,1,1325,9.195472e+02,1.836249e+03
1434,1,605,8.831488e+02,1.834433e+03
1437,1,972,8.177109e+02,1.848657e+03
1439,1,2957,1.152876e+03,1.834825e+03
1440,1,1416,9.620205e+02,1.838982e+03
1442,1,1719,1.019464e+03,1.843770e+03
1444,1,2292,5.388408e+02,1.854481e+03
1446,1,2700,8.606333e+02,1.861830e+03
1447,1,1166,7.442384e+02,1.845057e+03
1449,1,728,1.172266e+03,1.861402e+03
1450,1,2170,4.499272e+02,1.856404e+03
1451,1,411,1.692946e+03,1.859092e+03
1453,1,1619,1.656326e+03,1.849497e+03
1454,1,2273,1.547121e+03,1.864865e+03
1455,1,1233,7.167510e+02,1.864062e+03
1457,1,2003,4.956415e+01,1.866037e+03
1458,1,1365,1.747735e+03,1.873417e+03
1459,1,731,7.564555e+02,1.872245e+03
1460,1,1191,1.134701e+03,1.876309e+03
1462,1,1695,6.055782e+02,1.873332e+03
1463,1,1948,3.376612e+02,1.872270e+03
1464,1,1343,6.435197e+02,1.873182e+03
1466,1,680,1.719279e+03,1.875732e+03
1467,1,904,1.984354e+03,1.885705e+03
1468,1,2471,9.281951e+02,1.872986e+03
1469,1,1428,1.670225e+03,1.878611e+03
1470,1,1344,1.162712e+03,1.893094e+03
1471,1,387,1.702778e+03,1.891850e+03
1472,1,2616,1.849518e+02,1.894445e+03
1473,1,2333,5.701016e+02,1.898429e+03
1474,1,992,6.319960e+02,1.903233e+03
1475,1,1605,6.942766e+02,1.894391e+03
1478,1,208,1.709361e+03,1.902264e+03
1479,1,1274,9.469655e+02,1.904907e+03
1480,1,1666,1.927529e+03,1.894079e+03
1481,1,1599,5.247530e+01,1.907700e+03
1483,1,1988,3.479894e+02,1.910618e+03
1487,1,614,1.727513e+03,1.908213e+03
1488,1,1459,9.763914e+02,1.917472e+03
1489,1,2024,1.612976e+03,1.916216e+03
1491,1,1838,8.276823e+01,1.917020e+03
1492,1,1971,1.821867e+03,1.914429e+03
1493,1,2254,3.039547e+02,1.914152e+03
1494,1,1538,8.224018e+02,1.908363e+03
1495,1,523,1.703778e+03,1.921797e+03
1496,1,1939,1.875543e+03,1.914791e+03
1497,1,1248,1.929296e+03,1.922652e+03
1498,1,1995,6.047694e+02,1.930485e+03
1500,1,1889,1.556070e+03,1.922411e+03
1501,1,1150,1.788590e+03,1.937521e+03
1502,1,842,8.181924e+02,1.932582e+03
1503,1,652,1.741721e+03,1.923267e+03
1504,1,1081,6.908686e+02,1.933775e+03
1505,1,2136,1.108657e+03,1.929551e+03
1506,1,2149,4.932345e+02,1.924958e+03
1507,1,1144,6.498960e+02,1.937122e+03
1508,1,1715,7.253510e+02,1.930820e+03
1509,1,537,1.717663e+03,1.936257e+03
1510,1,840,1.758051e+03,1.940079e+03
1511,1,2351,3.779570e+02,1.938259e+03
1513,1,1910,1.905759e+03,1.949325e+03
1515,1,612,1.684433e+03,1.938235e+03
1517,1,1013,9.002863e+02,1.953852e+03
1518,1,2336,1.679730e+02,1.951771e+03
1520,1,2002,1.192980e+03,1.942512e+03
1522,1,1653,9.483981e+02,1.949336e+03
1523,1,2096,1.859049e+03,1.956706e+03
1524,1,2064,1.150139e+03,1.943086e+03
1525,1,972,1.665423e+03,1.952299e+03
1526,1,1688,7.761120e+02,1.950079e+03
1527,1,1487,8.431311e+02,1.952316e+03
1529,1,507,1.729456e+03,1.954241e+03
1533,1,1726,1.819309e+03,1.961567e+03
1534,1,2331,2.394251e+01,1.965652e+03
1535,1,1914,1.381416e+03,1.966208e+03
1536,1,786,1.705885e+03,1.960422e+03
1537,1,1987,9.932375e+02,1.963528e+03
1538,1,2645,4.578635e+02,1.963387e+03
1541,1,2451,7.365712e+02,1.974013e+03
1542,1,474,1.167070e+03,1.970551e+03
1549,1,1008,4.945714e+02,1.983560e+03
1550,1,475,1.689368e+03,1.980008e+03
1552,1,1014,8.186262e+02,1.983195e+03
1554,1,1182,1.260871e+03,1.987014e+03
1555,1,1556,1.151586e+03,1.986746e+03
1556,1,1534,3.282216e+02,1.984985e+03
1557,1,1358,8.992135e+02,1.986769e+03
1559,1,238,1.672714e+03,1.993273e+03
1562,1,1236,6.520469e+02,1.988485e+03
1567,2,625,3.322408e+03,8.012800e+00
1569,2,1249,3.545678e+03,1.059568e+01
1570,2,358,3.864508e+03,5.645251e+00
1571,2,931,3.283931e+03,9.941998e+00
1572,2,974,3.653485e+03,1.336242e+01
1573,2,1366,3.835551e+03,1.713909e+01
1574,2,1807,2.605034e+03,1.605036e+01
1576,2,1297,3.443062e+03,1.701850e+01
1577,2,1654,3.618563e+03,1.906711e+01
1578,2,1337,3.690375e+03,1.522962e+01
1580,2,1816,3.929545e+03,2.019163e+01
1581,2,1646,2.017515e+03,2.173026e+01
1582,2,1776,3.881607e+03,2.482601e+01
1585,2,1537,3.476079e+03,3.465647e+01
1586,2,1200,3.383985e+03,3.261833e+01
1587,2,1013,3.430742e+03,4.212636e+01
1589,2,1948,3.284597e+03,4.459651e+01
1591,2,1472,3.560910e+03,3.878329e+01
1593,2,1749,3.322186e+03,4.003716e+01
1594,2,1239,3.349356e+03,4.626715e+01
1595,2,2019,3.800215e+03,4.987370e+01
1596,2,1903,3.967045e+03,5.014083e+01
1597,2,2549,2.364286e+03,5.435936e+01
1598,2,1209,3.747481e+03,4.249628e+01
1599,2,1329,3.903172e+03,5.679383e+01
1601,2,2047,2.036233e+03,5.951343e+01
1602,2,952,3.930404e+03,6.345378e+01
1603,2,2116,3.602751e+03,5.307987e+01
1604,2,2155,3.709853e+03,5.640974e+01
1605,2,2253,3.855698e+03,6.201198e+01
1607,2,1554,3.522416e+03,5.502317e+01
1608,2,1075,3.753457e+03,6.730326e+01
1609,2,2605,3.479386e+03,7.592553e+01
1610,2,2569,2.992058e+03,6.903698e+01
1611,2,1500,3.657069e+03,7.139800e+01
1612,2,1547,3.362148e+03,7.131222e+01
1614,2,608,3.692253e+03,7.654934e+01
1615,2,2418,2.868878e+03,8.370017e+01
1617,2,2208,2.186181e+03,8.660371e+01
1618,2,1064,3.523265e+03,8.764662e+01
1621,2,1012,3.747011e+03,8.849704e+01
1623,2,2129,3.829147e+03,9.242039e+01
1625,2,899,3.604852e+03,9.276196e+01
1626,2,2528,3.148190e+03,9.863054e+01
1628,2,1759,2.265801e+03,1.030779e+02
1629,2,1773,3.677866e+03,1.042769e+02
1630,2,1881,2.359562e+03,1.049266e+02
1631,2,2295,3.282897e+03,9.995643e+01
1633,2,1132,3.795989e+03,1.060963e+02
1636,2,1841,3.631771e+03,1.153846e+02
1637,2,1265,3.741730e+03,1.210585e+02
1638,2,1548,2.850868e+03,1.248217e+02
1639,2,2489,3.944559e+03,1.258550e+02
1640,2,2039,3.904447e+03,1.271108e+02
1642,2,2674,3.470837e+03,1.291679e+02
1643,2,2625,3.701073e+03,1.435082e+02
1644,2,1044,3.755555e+03,1.460105e+02
1645,2,2358,2.815652e+03,1.455267e+02
1646,2,1675,3.811988e+03,1.446424e+02
1647,2,2174,3.855972e+03,1.468827e+02
1648,2,1610,3.577316e+03,1.532106e+02
1649,2,1506,3.615904e+03,1.523951e+02
1651,2,1350,3.251576e+03,1.486844e+02
1652,2,1520,3.979214e+03,1.634132e+02
1655,2,1893,3.277178e+03,1.867448e+02
1656,2,2389,2.142615e+03,1.838937e+02
1657,2,1381,3.837361e+03,1.811571e+02
1658,2,1366,3.726182e+03,1.853865e+02
1660,2,1624,3.802251e+03,1.885031e+02
1661,2,1036,3.980496e+03,1.940492e+02
1664,2,2464,3.563091e+03,2.003056e+02
1665,2,2201,3.516411e+03,2.083203e+02
1666,2,2263,2.232582e+03,2.074856e+02
1668,2,1524,3.244382e+03,2.163209e+02
1669,2,1637,3.958881e+03,2.148931e+02
1671,2,2475,3.754733e+03,2.075289e+02
1672,2,1234,3.840983e+03,2.135843e+02
1673,2,2530,2.971915e+03,2.285889e+02
1676,2,2402,3.763980e+03,2.441370e+02
1677,2,1556,3.880319e+03,2.329434e+02
1678,2,1425,3.818665e+03,2.359333e+02
1679,2,2245,3.200151e+03,2.379746e+02
1680,2,1699,3.929305e+03,2.419682e+02
1682,2,1691,3.978111e+03,2.480432e+02
1683,2,1484,2.014992e+03,2.571772e+02
1685,2,2159,3.238588e+03,2.614215e+02
1687,2,2201,2.918925e+03,2.726429e+02
1688,2,1391,3.841623e+03,2.724083e+02
1690,2,1175,3.889405e+03,2.685413e+02
1692,2,1128,2.389290e+03,2.741968e+02
1693,2,1920,2.360772e+03,2.708641e+02
1696,2,2212,2.295860e+03,2.784824e+02
1698,2,2145,2.748624e+03,2.817632e+02
1699,2,2326,3.804864e+03,2.847171e+02
1700,2,1695,3.934532e+03,2.792307e+02
1701,2,1486,3.096215e+03,2.819186e+02
1704,2,1786,3.900538e+03,3.000448e+02
1705,2,2274,2.022224e+03,3.067137e+02
1706,2,2178,2.091067e+03,3.094500e+02
1707,2,2456,3.365307e+03,3.113677e+02
1714,2,2318,3.170763e+03,3.298676e+02
1715,2,2069,3.767955e+03,3.291044e+02
1716,2,1492,2.934147e+03,3.274424e+02
1717,2,1849,2.973533e+03,3.286663e+02
1718,2,3321,3.288142e+03,3.351159e+02
1719,2,1762,3.975686e+03,3.278178e+02
1720,2,2387,2.277093e+03,3.327168e+02
1723,2,241,3.993888e+03,3.434647e+02
1726,2,1717,2.580160e+03,3.487193e+02
1728,2,1288,3.062207e+03,3.454286e+02
1729,2,2548,3.823556e+03,3.543677e+02
1730,2,2533,3.663480e+03,3.540837e+02
1732,2,2254,2.924526e+03,3.624907e+02
1734,2,1708,3.052085e+03,3.704532e+02
1738,2,2083,3.961378e+03,3.727364e+02
1743,2,2209,2.677046e+03,3.883010e+02
1748,2,2472,3.405010e+03,4.036246e+02
1751,2,1117,2.353109e+03,4.108299e+02
1754,2,1784,2.326796e+03,4.331676e+02
1755,2,1851,3.220486e+03,4.193674e+02
1757,2,1852,2.281898e+03,4.241620e+02
1758,2,2104,2.682602e+03,4.294292e+02
1763,2,1460,3.635617e+03,4.292726e+02
1765,2,2129,3.730443e+03,4.375688e+02
1766,2,2117,3.264083e+03,4.359197e+02
1767,2,1963,3.329371e+03,4.378991e+02
1768,2,1634,3.141006e+03,4.501059e+02
1770,2,1968,2.645179e+03,4.551890e+02
1774,2,2275,2.470698e+03,4.740013e+02
1778,2,1648,3.561373e+03,4.793975e+02
1779,2,2601,3.098604e+03,4.914187e+02
1780,2,3751,3.480973e+03,4.892586e+02
1781,2,1734,2.203016e+03,4.883501e+02
1786,2,1537,2.687502e+03,4.960690e+02
1787,2,2368,3.908677e+03,5.008530e+02
1789,2,2550,2.775591e+03,5.165616e+02
1791,2,1510,3.185376e+03,5.271881e+02
1793,2,2436,3.286328e+03,5.259101e+02
1798,2,2015,3.404047e+03,5.422739e+02
1801,2,3031,2.385373e+03,5.636770e+02
1804,2,2343,3.681562e+03,5.756504e+02
1806,2,2243,3.368515e+03,5.728096e+02
1807,2,1830,3.179184e+03,5.700257e+02
1808,2,1690,2.841817e+03,5.886036e+02
1811,2,1956,2.124681e+03,5.848993e+02
1813,2,1795,3.166053e+03,6.020886e+02
1814,2,2512,2.654248e+03,5.938503e+02
1816,2,2559,3.872181e+03,5.969043e+02
1817,2,2547,3.976980e+03,5.990314e+02
1818,2,2557,2.504411e+03,6.006922e+02
1820,2,1163,2.111345e+03,6.131513e+02
1821,2,2881,2.183477e+03,6.036019e+02
1824,2,1632,2.081577e+03,6.106213e+02
1825,2,2092,3.486361e+03,6.124880e+02
1828,2,1776,2.801459e+03,6.130597e+02
1829,2,1789,3.932686e+03,6.175735e+02
1830,2,1879,2.832703e+03,6.366956e+02
1831,2,2485,2.911821e+03,6.378579e+02
1835,2,1810,3.568313e+03,6.578232e+02
1837,2,3129,2.367720e+03,6.673183e+02
1839,2,1205,3.923436e+03,6.812166e+02
1841,2,2368,3.655231e+03,6.737221e+02
1845,2,2272,2.103047e+03,6.980185e+02
1846,2,2160,2.202131e+03,6.961838e+02
1848,2,2151,3.212135e+03,7.060725e+02
1849,2,2222,2.261693e+03,7.048695e+02
1850,2,1742,2.825336e+03,7.039908e+02
1852,2,2585,3.593876e+03,7.203149e+02
1853,2,2453,3.865955e+03,7.177199e+02
1854,2,2583,2.621300e+03,7.198316e+02
1855,2,2534,3.426968e+03,7.224223e+02
1856,2,1342,2.857375e+03,7.186632e+02
1858,2,3161,2.720743e+03,7.365868e+02
1861,2,2532,3.681458e+03,7.485474e+02
1862,2,2711,2.438330e+03,7.489989e+02
1867,2,1949,2.310280e+03,7.643858e+02
1868,2,2271,2.670073e+03,7.724117e+02
1870,2,2472,2.475364e+03,7.948568e+02
1871,2,1672,2.758355e+03,8.014408e+02
1872,2,1945,2.318302e+03,8.104452e+02
1873,2,2494,2.694719e+03,8.135012e+02
1874,2,1811,2.787203e+03,8.151883e+02
1876,2,1451,2.084746e+03,8.129394e+02
1877,2,2419,2.635273e+03,8.284890e+02
1878,2,1736,2.131247e+03,8.266066e+02
1882,2,2291,3.808754e+03,8.398354e+02
1883,2,2719,2.050407e+03,8.495370e+02
1884,2,2182,2.845953e+03,8.476251e+02
1885,2,2624,3.264839e+03,8.483708e+02
1886,2,2440,2.741428e+03,8.700348e+02
1888,2,2264,2.875231e+03,8.860777e+02
1889,2,1807,3.767293e+03,8.891134e+02
1891,2,1492,2.927266e+03,9.066870e+02
1893,2,876,3.786599e+03,9.067158e+02
1895,2,1673,2.353563e+03,9.238285e+02
1896,2,2177,3.324829e+03,9.174180e+02
1897,2,1469,3.028306e+03,9.148570e+02
1898,2,1307,3.788840e+03,9.302586e+02
1899,2,1999,2.953315e+03,9.381881e+02
1900,2,1432,3.112391e+03,9.287270e+02
1901,2,1829,3.254762e+03,9.225878e+02
1903,2,1926,2.721400e+03,9.385130e+02
1904,2,2008,2.998344e+03,9.384746e+02
1907,2,1165,3.719255e+03,9.442567e+02
1909,2,2195,2.501932e+03,9.498597e+02
1910,2,994,3.186365e+03,9.385433e+02
1912,2,2512,3.873726e+03,9.557516e+02
1913,2,2323,3.254263e+03,9.576982e+02
1915,2,1946,3.211154e+03,9.564404e+02
1916,2,2731,2.139416e+03,9.758283e+02
1920,2,1775,3.098908e+03,9.797628e+02
1922,2,2636,2.419551e+03,9.838839e+02
1923,2,2075,2.925448e+03,9.887658e+02
1925,2,1359,3.166522e+03,1.004332e+03
1926,2,1684,2.962764e+03,1.007320e+03
1927,2,807,3.125072e+03,1.008259e+03
1928,2,2155,3.251368e+03,1.019076e+03
1929,2,721,3.153773e+03,1.026614e+03
1930,2,1378,3.419971e+03,1.016207e+03
1936,2,1597,3.944961e+03,1.033001e+03
1937,2,2561,2.379012e+03,1.039142e+03
1938,2,2186,3.908994e+03,1.035752e+03
1941,2,1770,3.975042e+03,1.041328e+03
1944,2,869,3.128548e+03,1.061276e+03
1945,2,2314,3.631893e+03,1.047160e+03
1946,2,2524,3.695717e+03,1.048074e+03
1947,2,2197,3.183545e+03,1.053220e+03
1951,2,1164,3.054256e+03,1.052178e+03
1952,2,1981,2.860809e+03,1.066808e+03
1954,2,2469,3.218763e+03,1.069094e+03
1957,2,2102,2.048201e+03,1.092081e+03
1960,2,1955,3.623360e+03,1.091952e+03
1961,2,552,3.074841e+03,1.093138e+03
1962,2,1460,3.123737e+03,1.088482e+03
1963,2,1372,3.336324e+03,1.097380e+03
1964,2,3227,2.809380e+03,1.093075e+03
1966,2,952,3.058702e+03,1.112147e+03
1971,2,1694,2.220910e+03,1.120632e+03
1972,2,1805,3.143982e+03,1.125798e+03
1976,2,1723,3.951078e+03,1.129720e+03
1977,2,1395,3.981682e+03,1.129450e+03
1978,2,1272,2.291186e+03,1.147257e+03
1984,2,1908,3.652988e+03,1.142993e+03
1987,2,1622,2.588143e+03,1.156234e+03
1989,2,2604,3.685014e+03,1.167320e+03
1990,2,1959,3.046210e+03,1.162073e+03
1991,2,1893,2.471636e+03,1.166730e+03
1994,2,1818,2.044169e+03,1.173837e+03
1995,2,2318,3.004893e+03,1.177985e+03
1996,2,1971,3.980586e+03,1.176100e+03
2000,2,2511,2.409260e+03,1.189086e+03
2003,2,2506,3.727565e+03,1.213135e+03
2004,2,2428,3.127350e+03,1.211428e+03
2005,2,2067,3.826777e+03,1.215777e+03
2007,2,1928,2.928113e+03,1.216568e+03
2008,2,1836,2.016296e+03,1.224817e+03
2011,2,1965,2.059823e+03,1.214701e+03
2014,2,1426,2.116008e+03,1.224977e+03
2015,2,1177,2.283658e+03,1.231775e+03
2016,2,1144,2.087820e+03,1.239434e+03
2017,2,1721,3.961374e+03,1.237015e+03
2019,2,2482,3.197110e+03,1.246215e+03
2021,2,1524,2.252583e+03,1.243018e+03
2022,2,2512,2.389816e+03,1.249555e+03
2024,2,1093,2.053985e+03,1.251070e+03
2025,2,750,3.992024e+03,1.259384e+03
2029,2,2542,2.711840e+03,1.260198e+03
2030,2,2251,3.457207e+03,1.262871e+03
2031,2,1974,3.624569e+03,1.265379e+03
2032,2,346,2.141335e+03,1.266442e+03
2035,2,823,2.073180e+03,1.275861e+03
2037,2,2020,2.309313e+03,1.271302e+03
2038,2,962,2.039203e+03,1.273213e+03
2039,2,1758,2.502558e+03,1.275058e+03
2041,2,670,2.099091e+03,1.275221e+03
2042,2,398,2.194457e+03,1.275372e+03
2044,2,393,2.264601e+03,1.275952e+03
2045,2,2427,3.507410e+03,1.277266e+03
2046,2,1033,2.018390e+03,1.286158e+03
2048,2,1128,2.352041e+03,1.276322e+03
2050,2,473,2.378924e+03,1.282298e+03
2051,2,2075,2.438479e+03,1.275643e+03
2053,2,966,2.399620e+03,1.289070e+03
2056,2,616,2.326552e+03,1.295114e+03
2061,2,378,2.081810e+03,1.294574e+03
2062,2,1346,2.205941e+03,1.298181e+03
2063,2,1647,2.579031e+03,1.302206e+03
2064,2,384,2.103057e+03,1.304419e+03
2065,2,1475,2.527603e+03,1.300951e+03
2068,2,1632,2.925053e+03,1.298879e+03
2070,2,448,2.411826e+03,1.306542e+03
2071,2,2271,2.959550e+03,1.309308e+03
2073,2,615,2.368205e+03,1.305384e+03
2076,2,678,2.054562e+03,1.316294e+03
2078,2,995,2.246946e+03,1.304726e+03
2079,2,1864,3.263886e+03,1.308609e+03
2081,2,1401,2.473656e+03,1.307218e+03
2084,2,433,2.163145e+03,1.313187e+03
2085,2,846,2.302301e+03,1.315740e+03
2087,2,533,2.392161e+03,1.319792e+03
2089,2,1006,3.296417e+03,1.311626e+03
2096,2,857,2.266897e+03,1.330758e+03
2097,2,683,2.088673e+03,1.333057e+03
2100,2,517,2.317760e+03,1.327764e+03
2101,1,1496,1.997521e+03,1.315136e+03
2103,2,624,2.485942e+03,1.329599e+03
2106,2,586,2.421157e+03,1.331218e+03
2107,2,1585,2.113596e+03,1.348148e+03
2108,2,735,2.520588e+03,1.334657e+03
2111,2,2008,2.610987e+03,1.333416e+03
2113,2,1785,2.001678e+03,1.351332e+03
2115,2,1497,2.341269e+03,1.353640e+03
2116,2,1264,2.447979e+03,1.338619e+03
2118,2,2237,2.904480e+03,1.342581e+03
2120,2,2172,2.792644e+03,1.348824e+03
2122,2,812,2.287110e+03,1.350358e+03
2123,2,872,2.308571e+03,1.358103e+03
2126,2,2037,3.068108e+03,1.354240e+03
2127,2,1278,2.546689e+03,1.347159e+03
2131,2,1169,2.072172e+03,1.359551e+03
2132,2,1558,2.380795e+03,1.355964e+03
2133,2,2135,3.158799e+03,1.359338e+03
2134,2,387,2.515021e+03,1.359894e+03
2135,2,395,2.476142e+03,1.359985e+03
2137,2,705,2.569054e+03,1.357627e+03
2139,2,1076,2.246729e+03,1.374967e+03
2140,2,451,2.495195e+03,1.366333e+03
2141,2,2267,3.535880e+03,1.368775e+03
2142,2,938,2013,1.374910e+03
2143,2,1754,2.167553e+03,1.371121e+03
2147,2,874,2.618516e+03,1.365898e+03
2151,2,464,2.628446e+03,1.377825e+03
2152,2,1292,3.657407e+03,1.384086e+03
2153,2,2234,2.675126e+03,1.371488e+03
2154,2,511,2.509519e+03,1.381250e+03
2156,2,497,2.463368e+03,1.379845e+03
2158,2,1308,2.405603e+03,1.386781e+03
2163,2,2997,3.337118e+03,1.395785e+03
2164,2,1244,2.615195e+03,1.398994e+03
2165,2,1401,3.148769e+03,1.401991e+03
2166,2,863,2.651217e+03,1.401167e+03
2167,2,824,2.499341e+03,1.404925e+03
2168,2,794,2.562821e+03,1.392149e+03
2170,2,2350,3.086430e+03,1.406068e+03
2173,2,1010,2.547683e+03,1.414708e+03
2174,2,2014,2.771003e+03,1.419907e+03
2175,2,2626,3.256425e+03,1.419342e+03
2177,2,2326,2.932173e+03,1.420098e+03
2182,2,1080,2.503723e+03,1.428831e+03
2183,2,972,2.623175e+03,1.432324e+03
2187,2,2732,2.046900e+03,1.440020e+03
2189,2,1677,2.171726e+03,1.447673e+03
2190,2,2283,2.543429e+03,1.448766e+03
2191,2,1331,2.406269e+03,1.456666e+03
2192,2,2900,3.110213e+03,1.447812e+03
2193,2,2424,2.339313e+03,1.452429e+03
2194,2,1969,2.458973e+03,1.460169e+03
2195,2,1456,2.510033e+03,1.465792e+03
2197,2,2585,2.972514e+03,1.464603e+03
2199,2,2013,3.962960e+03,1.472907e+03
2200,2,1987,3.677997e+03,1.476039e+03
2202,2,2335,3.774182e+03,1.489459e+03
2204,2,2032,3.648648e+03,1.496347e+03
2205,2,1927,2.040422e+03,1.484873e+03
2206,2,2641,3.408328e+03,1.489031e+03
2209,2,2564,2.167601e+03,1.502392e+03
2210,2,1802,2.119005e+03,1.507377e+03
2212,2,2265,3.940908e+03,1.514637e+03
2213,2,2199,2.251110e+03,1.517276e+03
2215,2,2029,2.483702e+03,1.520596e+03
2216,2,1834,2.288580e+03,1.534125e+03
2218,2,2343,2.077276e+03,1.527770e+03
2220,2,2236,3.641101e+03,1.543705e+03
2221,2,1618,3.193609e+03,1.553913e+03
2222,2,2259,2.436583e+03,1.549402e+03
2223,2,2519,2.694985e+03,1.553615e+03
2224,2,2532,2.764085e+03,1.557837e+03
2225,2,2228,3.130403e+03,1.557580e+03
2226,2,2103,2.039229e+03,1.567572e+03
2229,2,1968,2.131498e+03,1.574157e+03
2231,2,2208,2.170405e+03,1.575707e+03
2232,2,1082,2.206891e+03,1.573467e+03
2233,2,1812,2.233361e+03,1.589231e+03
2234,2,2440,2.910602e+03,1.587265e+03
2238,2,1972,3.269436e+03,1.605563e+03
2239,2,1153,2.193761e+03,1.610388e+03
2242,2,2423,3.068244e+03,1.616586e+03
2243,2,2336,2.317500e+03,1.615521e+03
2245,2,2597,3.667516e+03,1.628915e+03
2246,2,1640,2.095687e+03,1.633804e+03
2248,2,2116,2.467670e+03,1.631215e+03
2249,2,2605,2.379728e+03,1.634103e+03
2250,2,1922,2.027790e+03,1.641331e+03
2252,2,2444,3.413533e+03,1.640275e+03
2253,2,2429,2.218144e+03,1.646244e+03
2254,2,1338,2.651520e+03,1.643297e+03
2255,2,2686,3.736887e+03,1.652852e+03
2256,2,1916,2.626443e+03,1.661396e+03
2257,2,2302,2.143327e+03,1.652835e+03
2259,2,1811,2.309881e+03,1.663643e+03
2260,2,1786,2.180580e+03,1.675649e+03
2261,2,1668,2.017650e+03,1.682950e+03
2262,2,1215,2.332368e+03,1.683747e+03
2263,2,1911,3.059479e+03,1.679256e+03
2264,2,2310,3.171042e+03,1.680924e+03
2266,2,2362,2.878129e+03,1.697723e+03
2267,2,2882,3.821176e+03,1.692789e+03
2268,2,1369,2.222743e+03,1.702931e+03
2269,2,2413,3.478592e+03,1.709743e+03
2272,2,1468,2.320961e+03,1.716933e+03
2276,2,1746,2.236768e+03,1.732922e+03
2279,2,1626,2.015504e+03,1.734702e+03
2281,2,1648,2.339374e+03,1.750807e+03
2282,2,1237,2.381494e+03,1.748577e+03
2286,2,1922,2.957547e+03,1.768147e+03
2287,2,2027,2.402842e+03,1.770195e+03
2288,2,2329,3.931874e+03,1.772542e+03
2289,2,1804,2.018906e+03,1.783185e+03
2291,2,2199,3.541677e+03,1.773614e+03
2292,2,1914,2.324680e+03,1.789165e+03
2293,2,2983,3.755346e+03,1.789780e+03
2295,2,2282,2.995920e+03,1.792838e+03
2296,2,1367,2.412244e+03,1.799016e+03
2299,2,2466,3.423922e+03,1.799583e+03
2302,2,2218,3.897634e+03,1.814489e+03
2303,2,1168,2.255276e+03,1.813063e+03
2304,2,1685,2.229126e+03,1.825399e+03
2305,2,2454,3.229915e+03,1.830044e+03
2309,2,1551,2.275990e+03,1.836533e+03
2311,2,1865,3.971017e+03,1.836878e+03
2312,2,1363,3.923785e+03,1.838778e+03
2313,2,2385,2.493099e+03,1.844909e+03
2314,2,2512,3.089640e+03,1.844552e+03
2315,2,2310,2.105269e+03,1.847160e+03
2316,1,2094,1.998797e+03,1.852241e+03
2317,2,2723,2.594538e+03,1.853059e+03
2319,2,604,3.944925e+03,1.852227e+03
2322,2,2095,3.832906e+03,1.853690e+03
2324,2,1744,2.380247e+03,1.871688e+03
2326,2,1447,3.943889e+03,1.876956e+03
2328,2,2315,2.041226e+03,1.883684e+03
2329,2,1438,2.409517e+03,1.882042e+03
2331,2,2293,3.888621e+03,1.880625e+03
2332,2,2456,2.883822e+03,1.886272e+03
2333,2,2048,3.602605e+03,1.885101e+03
2334,2,1316,3.982152e+03,1.891364e+03
2336,2,2558,2.684230e+03,1.893271e+03
2337,2,711,3.829668e+03,1.890644e+03
2338,2,1178,3.919489e+03,1.902005e+03
2339,2,2268,2.151781e+03,1.900829e+03
2340,2,2721,2.452943e+03,1.902780e+03
2341,2,1856,2.263964e+03,1.905022e+03
2342,2,1629,3.840264e+03,1.911089e+03
2343,2,2160,3.570475e+03,1.913027e+03
2344,2,1119,3.800358e+03,1.918580e+03
2345,2,3233,2.791165e+03,1.922601e+03
2346,2,789,3.948010e+03,1.919332e+03
2347,2,1228,2.013498e+03,1.923165e+03
2348,2,1757,2.227245e+03,1.919353e+03
2349,2,2947,3.626412e+03,1.928819e+03
2350,2,999,3.860408e+03,1.923270e+03
2351,2,1769,3.977287e+03,1.928431e+03
2352,2,1613,3.773942e+03,1.930428e+03
2353,2,1843,2.103909e+03,1.927384e+03
2355,2,976,3.888724e+03,1.931008e+03
2356,2,1503,3.924232e+03,1.937432e+03
2357,2,2483,3.381940e+03,1.935552e+03
2358,2,2775,3.497871e+03,1.932415e+03
2360,2,1832,2.401397e+03,1.943759e+03
2361,2,1418,2.136177e+03,1.950317e+03
2362,2,1606,2.231686e+03,1.954746e+03
2363,2,2594,2.587109e+03,1.949582e+03
2364,2,1694,3.862843e+03,1.956865e+03
2367,2,559,3.749041e+03,1.956798e+03
2370,2,993,3.959619e+03,1.960186e+03
2371,2,2122,2.470509e+03,1.971689e+03
2372,2,1992,3.134547e+03,1.979760e+03
2373,2,2566,3.764468e+03,1.979525e+03
2374,2,2142,3.661867e+03,1.980572e+03
2375,2,1510,3.707566e+03,1.979825e+03
2376,2,1048,3.981623e+03,1.982477e+03
2377,2,1622,2.511756e+03,1.981654e+03
2380,2,1706,3.354579e+03,1.981772e+03
2381,2,1178,2.101511e+03,1.982743e+03
2382,2,1644,3.928091e+03,1.979547e+03
2385,2,352,3.960006e+03,1.993565e+03
