ImageNumber,ObjectNumber,AreaShape_Area,Location_Center_X,Location_Center_Y
1,1,703,188.586059744,8.49786628734
1,2,1075,312.59627907,12.3088372093
1,3,330,539.048484848,4.88484848485
1,4,1088,1889.23713235,11.0735294118
1,5,1899,75.8978409689,16.1995787256
1,6,1602,1939.88701623,14.904494382
1,7,1729,1529.80682475,15.1868131868
1,8,1216,1329.59703947,16.3092105263
1,9,1236,271.685275081,13.4846278317
1,10,2204,639.340290381,17.7962794918
1,11,702,513.85042735,11.5142450142
1,12,883,559.868629672,15.7168742922
1,13,1178,1085.41341256,14.4702886248
1,14,1199,469.733110926,17.9833194329
1,15,2022,355.914935707,21.431256182
1,16,570,498.973684211,19.7684210526
1,17,1174,1361.55706985,18.1456558773
1,18,1608,596.381218905,24.9975124378
1,19,1912,790.670502092,18.7343096234
1,20,880,167.204545455,17.1954545455
1,21,1418,1411.89492243,25.3124118477
1,22,1527,873.544859201,24.8965291421
1,23,947,158.308342133,33.883843717
1,24,2245,1049.50601336,27.5853006682
1,25,1267,1121.31491713,20.3606945541
1,26,1901,243.033140452,31.5218306155
1,27,1984,907.804939516,26.4858870968
1,28,1100,1439.21818182,33.7836363636
1,29,614,545.328990228,30.4104234528
1,30,607,1460.35914333,30.6276771005
1,31,936,1147.72649573,30.8888888889
1,32,1445,1478.45536332,40.6747404844
1,33,1093,497.931381519,44.3687099726
1,34,1255,775.068525896,44.3362549801
1,35,1745,965.861891117,41.6143266476
1,36,1229,1094.57851912,48.3043124491
1,37,1311,128.954996186,32.7955758963
1,38,1315,1381.9338403,44.8197718631
1,39,637,534.502354788,44.6703296703
1,40,1124,572.588078292,53.1895017794
1,41,1487,1168.91661063,47.5736381977
1,42,1155,452.83030303,46.8069264069
1,43,1653,1029.34785239,58.9153055051
1,44,1261,124.026962728,57.0927835052
1,45,1953,321.804403482,54.6461853559
1,46,1938,1123.72239422,70.0799793602
1,47,1490,1337.31006711,60.5201342282
1,48,2294,1593.29904098,67.497820401
1,49,1391,473.214953271,72.8324946082
1,50,930,363.191397849,61.3860215054
1,51,1062,518.755178908,69.5951035782
1,52,1703,69.5032295948,65.7903699354
1,53,841,555.142687277,72.8715814507
1,54,587,1360.60306644,66.8432708688
1,55,1825,1866.61315068,67.1375342466
1,56,1750,423.003428571,65.2331428571
1,57,1044,1186.95114943,72.3381226054
1,58,1993,1216.88108379,73.52734571
1,59,1485,261.5003367,68.0565656566
1,60,1217,122.184880855,80.6392769104
1,61,1850,896.303243243,72.2140540541
1,62,2025,31.5590123457,71.1412345679
1,63,2443,186.356528858,69.1723291036
1,64,764,378.311518325,77.7748691099
1,65,2566,787.975448168,77.9107560405
1,66,1797,1433.19087368,72.2420701169
1,67,1321,537.903860712,95.3663890992
1,68,1399,313.709792709,84.739814153
1,69,2393,1501.6397827,81.5984120351
1,70,2549,1264.62965869,90.2840329541
1,71,1050,1356.81428571,94.1704761905
1,72,2423,848.889393314,95.0004127115
1,73,2925,685.810598291,83.7723076923
1,74,1534,935.361147327,84.6786179922
1,75,1182,965.684433164,93.0329949239
1,76,1012,1161.1215415,88.3992094862
1,77,2064,1391.82655039,92.9864341085
1,78,1458,259.511659808,100.033607682
1,79,1442,358.565880721,101.694868239
1,80,2115,427.834042553,104.427895981
1,81,1129,1444.8166519,102.461470328
1,82,1902,496.079915878,108.00893796
1,83,957,921.143155695,122.159874608
1,84,2164,1318.56746765,111.599815157
1,85,1277,284.0,116.676585748
1,86,2095,1976.85155131,116.947494033
1,87,1245,1188.04578313,115.974297189
1,88,1396,894.791547278,115.621776504
1,89,1668,185.955035971,113.794364508
1,90,941,1149.58448459,112.144527099
1,91,2080,1511.98894231,123.863942308
1,92,1694,1426.57142857,126.826446281
1,93,1212,320.497524752,115.75990099
1,94,1349,708.530022239,119.198665678
1,95,1980,785.992424242,121.355050505
1,96,1575,953.436825397,130.46031746
1,97,1987,617.761952693,123.15953699
1,98,1735,658.820172911,124.530835735
1,99,1114,1147.21454219,135.771095153
1,100,1361,472.730345334,137.447465099
1,101,1432,125.943435754,131.530726257
1,102,1196,332.289297659,146.408026756
1,103,2022,741.40751731,134.234915925
1,104,1695,1056.41474926,134.939233038
1,105,2215,1592.41354402,137.413544018
1,106,1589,1713.99811202,133.128382631
1,107,2027,1686.95461273,146.813024174
1,108,1637,159.653634698,145.971288943
1,109,1389,208.929445644,142.433405328
1,110,2486,385.07079646,152.183829445
1,111,899,697.876529477,145.991101224
1,112,1417,1647.55187015,142.875793931
1,113,1227,300.72208639,150.238793806
1,114,1832,1250.09989083,148.056768559
1,115,3085,544.013290113,152.039222042
1,116,830,1185.12048193,149.126506024
1,117,1840,1298.62336957,147.238043478
1,118,2668,1012.92578711,150.208395802
1,119,1709,812.184903452,156.930368637
1,120,2146,876.193383038,154.287045666
1,121,1608,496.84141791,158.388059701
1,122,2161,606.724664507,163.137899121
1,123,961,670.943808533,158.514047867
1,124,1552,1162.03028351,168.344072165
1,125,2021,1391.40376051,159.684314696
1,126,1840,117.40326087,165.329347826
1,127,1843,1621.8562127,168.74064026
1,128,1462,771.122435021,164.011627907
1,129,2279,1811.29618254,168.255813953
1,130,1200,1061.77333333,165.113333333
1,131,2285,192.322538293,176.96892779
1,132,1670,1361.21197605,177.925149701
1,133,1651,700.898849182,183.937613568
1,134,1753,983.0,176.712492869
1,135,1914,1104.63427377,175.096656217
1,136,1142,1209.0971979,171.662872154
1,137,1638,285.322954823,179.982295482
1,138,1197,945.258980785,173.466165414
1,139,560,665.992857143,181.655357143
1,140,1713,735.898423818,186.323409224
1,141,1308,1287.95948012,193.977828746
1,142,1036,1317.51158301,180.77027027
1,143,1421,87.5460942998,182.275862069
1,144,1072,1265.14272388,183.048507463
1,145,1790,788.440782123,195.756424581
1,146,1683,244.871063577,189.314319667
1,147,637,472.817896389,184.527472527
1,148,1037,1062.69431051,191.368370299
1,149,1570,1210.31910828,199.123566879
1,150,2110,1662.66540284,189.397630332
1,151,2346,1960.02429668,191.472719523
1,152,1552,902.699742268,185.588273196
1,153,2380,1767.68781513,196.71512605
1,154,448,80.0870535714,203.776785714
1,155,1336,416.111526946,187.181137725
1,156,668,929.193113772,199.182634731
1,157,1612,498.828784119,200.424317618
1,158,2400,1862.21041667,197.854583333
1,159,793,1086.79445145,205.793190416
1,160,1636,55.1656479218,199.718826406
1,161,828,429.945652174,205.869565217
1,162,2044,313.451076321,202.571428571
1,163,1022,456.654598826,198.773972603
1,164,2156,374.466141002,202.051020408
1,165,1227,953.664221679,212.04808476
1,166,956,580.706066946,204.076359833
1,167,439,510.685649203,214.681093394
1,168,1558,549.862002567,210.460205392
1,169,1691,1016.41277351,209.959787108
1,170,1551,1239.53578337,214.577047066
1,171,425,928.451764706,224.835294118
1,172,1056,448.426136364,227.579545455
1,173,2174,669.207911684,214.878564857
1,174,2182,1327.37580202,213.834097159
1,175,1122,908.509803922,228.662210339
1,176,1997,1925.94992489,223.677516274
1,177,1879,873.118147951,223.395955295
1,178,2039,1366.93575282,226.435017165
1,179,1201,982.975853455,221.707743547
1,180,1757,27.7148548662,225.075128059
1,181,1965,236.134860051,232.145547074
1,182,1240,401.110483871,231.466129032
1,183,2065,827.651815981,226.875060533
1,184,2216,1064.26083032,232.178249097
1,185,1858,1408.58288482,232.390204521
1,186,1402,205.254636234,232.444365193
1,187,2401,324.674718867,245.325281133
1,188,1469,513.759700477,239.866575902
1,189,1307,776.957918898,235.45524101
1,190,1229,480.370219691,248.446704638
1,191,2381,577.614027719,243.175556489
1,192,1147,1000.82476024,247.939843069
1,193,2157,98.2600834492,248.101066296
1,194,1433,63.4494068388,246.600139567
1,195,603,790.35986733,253.323383085
1,196,1360,369.308088235,252.976470588
1,197,1340,721.005970149,248.328358209
1,198,1971,953.059360731,258.226788432
1,199,508,456.517716535,253.437007874
1,200,3562,1282.63363279,252.979786637
1,201,2277,1781.65480896,261.787000439
1,202,1608,401.0,268.979477612
1,203,1543,17.162022035,262.2022035
1,204,896,735.146205357,270.094866071
1,205,1405,833.575088968,264.280427046
1,206,1920,892.380208333,266.290104167
1,207,1215,1138.30041152,254.941563786
1,208,2171,1435.86135421,268.972823584
1,209,2286,657.540244969,260.675853018
1,210,2327,1192.30339493,265.414697035
1,211,1727,447.366531558,274.433121019
1,212,1232,1161.60470779,276.366883117
1,213,1558,1095.16367137,271.077021823
1,214,1471,518.613868117,278.997280761
1,215,2348,171.180153322,282.148637138
1,216,1637,990.789859499,279.488698839
1,217,1461,546.689938398,278.258042437
1,218,1235,1120.28259109,281.203238866
1,219,3164,771.383059418,286.554993679
1,220,1731,695.151357597,283.14615829
1,221,1811,1222.17890668,291.263390392
1,222,2004,580.338822355,292.944610778
1,223,2062,90.3161978661,297.585838991
1,224,2714,1654.77266028,289.413043478
1,225,2013,1299.84153005,302.566318927
1,226,1727,1503.2403011,300.87492762
1,227,1455,813.528522337,301.192439863
1,228,919,840.533188248,301.361262242
1,229,1438,1132.09666203,311.132127955
1,230,1607,19.7840696951,302.767268202
1,231,1889,1010.2895712,307.884595024
1,232,1776,357.436936937,302.55518018
1,233,1362,899.497797357,302.924375918
1,234,1891,394.310946589,312.679005817
1,235,1051,865.213130352,307.309229305
1,236,1854,939.660733549,309.776699029
1,237,1374,692.525473071,314.649199418
1,238,2371,306.603542809,310.662167862
1,239,1856,1965.69935345,314.129310345
1,240,1246,899.83788122,333.993579454
1,241,2173,1398.65945697,319.642429821
1,242,1696,55.695754717,328.222877358
1,243,2475,1768.91474747,329.67959596
1,244,1546,675.249029754,335.779430789
1,245,1448,542.223756906,326.441298343
1,246,2111,1257.58218854,330.212695405
1,247,1535,1327.91074919,329.067752443
1,248,753,7.89243027888,343.156706507
1,249,1363,1202.80851064,327.806309611
1,250,2493,1087.80024067,340.976333734
1,251,2100,1660.95238095,338.216666667
1,252,2402,1842.16985845,338.145295587
1,253,1803,449.86744315,340.750970605
1,254,2238,854.655942806,346.310991957
1,255,684,1219.83040936,344.780701754
1,256,1537,336.317501627,338.984385166
1,257,2053,1967.32148076,349.796882611
1,258,850,546.816470588,356.063529412
1,259,1999,782.223111556,346.500250125
1,260,1802,590.355160932,338.89345172
1,261,1704,232.5592723,343.431924883
1,262,1087,25.8886844526,353.781048758
1,263,1811,1376.27940364,359.561568194
1,264,1686,1626.92111507,353.726571767
1,265,1035,575.686956522,364.975845411
1,266,1423,1332.97189037,358.43851019
1,267,2374,1572.50042123,354.174389217
1,268,1266,514.778041074,356.912322275
1,269,1348,1172.18026706,356.633531157
1,270,2220,168.617117117,354.575225225
1,271,1824,1133.00767544,358.155701754
1,272,1877,651.220564731,360.974960043
1,273,1457,925.70624571,361.22512011
1,274,1199,51.789824854,367.507923269
1,275,1492,89.7211796247,361.731903485
1,276,2238,1720.79892761,365.752457551
1,277,784,1209.77295918,365.478316327
1,278,2372,1424.11172007,362.919477234
1,279,1320,955.487121212,365.95
1,280,2166,1802.1823638,366.370729455
1,281,1338,346.080717489,368.872197309
1,282,1457,1239.27453672,376.804392588
1,283,2068,304.152321083,371.62959381
1,284,1559,811.289288005,370.510583708
1,285,1684,448.896674584,378.909738717
1,286,1476,1276.51084011,376.088075881
1,287,2524,218.176703645,380.330427892
1,288,1402,977.935805991,381.846647646
1,289,819,1326.95482295,382.628815629
1,290,1711,1838.05961426,387.176504968
1,291,1027,272.187925998,379.829600779
1,292,1724,1753.52610209,390.564385151
1,293,2067,1970.63909047,390.429608128
1,294,2114,399.581835383,385.982497635
1,295,1702,826.718566392,398.361927145
1,296,1902,1671.53312303,387.66298633
1,297,2179,769.938962827,394.178981184
1,298,1322,1621.80332829,389.497730711
1,299,1287,577.557109557,394.549339549
1,300,2300,680.915217391,395.86826087
1,301,1528,351.504581152,398.80039267
1,302,1381,1205.06227371,392.96813903
1,303,2395,1157.92066806,397.686847599
1,304,2699,506.332715821,397.131159689
1,305,1982,1866.70635721,404.301715439
1,306,1739,1260.96204715,410.854514089
1,307,1993,78.7561465128,400.78775715
1,308,1437,1008.14057063,401.395267919
1,309,850,1640.14235294,408.436470588
1,310,623,303.446227929,408.592295345
1,311,1696,155.678066038,406.129127358
1,312,1108,1312.68411552,402.948555957
1,313,1616,609.941831683,406.888613861
1,314,1806,1355.41306755,406.487264673
1,315,1637,273.229077581,415.025045816
1,316,1962,434.890927625,415.712028542
1,317,1810,36.0607734807,409.719337017
1,318,1873,1453.76134544,410.361986119
1,319,1462,194.04377565,414.744186047
1,320,1171,372.561912895,419.321947054
1,321,1797,1390.03672788,411.425709516
1,322,1570,1419.65732484,412.565605096
1,323,1140,1939.34385965,407.978070175
1,324,1846,888.292524377,418.345070423
1,325,2082,953.123439001,420.608549472
1,326,1632,1308.40931373,430.504289216
1,327,2001,1199.92953523,430.636681659
1,328,2749,1056.6740633,425.281920698
1,329,1740,469.96091954,432.697701149
1,330,2313,549.668828361,429.86381323
1,331,1720,996.393604651,435.668023256
1,332,1214,1658.38550247,428.18369028
1,333,2030,744.119704433,433.323152709
1,334,1362,1928.96255507,438.83773862
1,335,1708,94.6978922717,435.908079625
1,336,1514,123.392998679,445.732496697
1,337,1195,1955.93974895,445.794979079
1,338,1804,500.80654102,449.923503326
1,339,1372,176.028425656,445.087463557
1,340,1802,789.329078801,436.548279689
1,341,2036,605.485756385,447.538310413
1,342,1546,309.068564036,442.677231565
1,343,1446,46.8796680498,448.376210235
1,344,1664,837.237379808,446.880408654
1,345,1847,1648.15430428,457.413643747
1,346,1138,152.599297012,461.391915641
1,347,1648,922.756674757,452.127427184
1,348,1068,798.540262172,468.264981273
1,349,1399,21.9278055754,465.827019299
1,350,2026,1702.1071076,457.66189536
1,351,2345,1830.84051173,467.280597015
1,352,1500,875.836,466.608666667
1,353,1772,727.489277652,474.564334086
1,354,1317,824.657555049,481.658314351
1,355,2338,341.325064157,477.506843456
1,356,1286,271.876360809,472.217729393
1,357,2210,577.530316742,478.461085973
1,358,729,923.668038409,477.961591221
1,359,1217,300.315529992,482.352506163
1,360,1075,913.657674419,495.823255814
1,361,3090,1027.52944984,491.402265372
1,362,2210,183.664253394,490.978733032
1,363,1907,20.8463555322,501.334556896
1,364,2521,1567.93415311,496.786592622
1,365,3146,466.100762873,494.588048315
1,366,1160,248.209482759,492.950862069
1,367,1822,1864.63940724,496.203073546
1,368,1530,885.392810458,505.41503268
1,369,659,208.960546282,502.840667678
1,370,1924,1700.40748441,494.353430353
1,371,1085,223.202764977,514.937327189
1,372,1263,1187.36262866,505.832145685
1,373,1356,278.343657817,517.98820059
1,374,2133,1153.84435068,515.493670886
1,375,1807,1352.1283896,510.381848367
1,376,2545,82.0062868369,517.436935167
1,377,1427,1235.91240364,519.118430273
1,378,663,247.429864253,527.453996983
1,379,1482,1868.68893387,529.282051282
1,380,2352,140.607568027,525.703656463
1,381,1461,1207.23887748,527.074606434
1,382,2392,518.355351171,527.650919732
1,383,1623,1719.74430068,530.115834874
1,384,2657,978.0748965,519.84230335
1,385,1718,783.057625146,527.9225844
1,386,1749,1415.64093768,527.375071469
1,387,2475,1673.15151515,527.298585859
1,388,1463,874.131237184,535.12303486
1,389,3601,1090.05137462,538.187447931
1,390,1567,456.932354818,534.744097001
1,391,1662,755.11612515,542.193742479
1,392,2456,341.464576547,546.024429967
1,393,2307,1821.54009536,542.544863459
1,394,1234,1370.04051864,544.944084279
1,395,1715,1514.72303207,543.083965015
1,396,1241,1484.61643836,544.587429492
1,397,2570,1036.092607,543.071984436
1,398,1929,1332.38672888,548.623639191
1,399,1081,438.543015726,554.160037003
1,400,1948,635.458932238,542.245893224
1,401,1472,210.015625,552.099184783
1,402,2106,269.012820513,556.52374169
1,403,1735,1134.54178674,555.470317003
1,404,1772,1654.76185102,560.098758465
1,405,995,1392.19296482,556.88040201
1,406,1044,370.150383142,554.456896552
1,407,1562,910.591549296,555.793213828
1,408,956,1429.53556485,560.985355649
1,409,1724,857.795243619,566.687935035
1,410,1840,630.6375,577.121195652
1,411,1326,1248.61387632,562.503016591
1,412,3229,1956.80860948,570.799318675
1,413,2461,36.8346200731,575.638358391
1,414,2076,395.368978805,567.498554913
1,415,1512,82.7506613757,571.567460317
1,416,1008,189.170634921,571.571428571
1,417,1598,445.812891114,581.745306633
1,418,1671,905.192698983,587.649910233
1,419,2319,579.418283743,582.76800345
1,420,2099,1165.29156741,583.99285374
1,421,1703,1408.29007634,586.981796829
1,422,2341,1272.79410508,591.395984622
1,423,2068,794.689071567,583.925531915
1,424,1156,166.987889273,583.543252595
1,425,1798,109.092880979,595.904894327
1,426,1115,142.815246637,588.356950673
1,427,2338,516.875106929,591.414029085
1,428,1952,211.083504098,602.912909836
1,429,2340,994.020512821,603.058974359
1,430,1290,1123.94496124,594.865116279
1,431,1341,362.624161074,598.592841163
1,432,2309,1733.33521005,602.74014725
1,433,1923,1211.56526261,602.255330213
1,434,804,1086.72014925,601.226368159
1,435,1035,475.782608696,601.021256039
1,436,1405,1181.08469751,620.842704626
1,437,340,497.208823529,614.058823529
1,438,637,451.455259027,612.328100471
1,439,1235,1123.22672065,624.215384615
1,440,2486,1489.90305712,614.240144811
1,441,2353,325.126221844,618.195495113
1,442,1319,442.320697498,629.322971948
1,443,1173,148.824381927,626.307757886
1,444,1013,178.870681145,626.235932873
1,445,1740,930.277586207,618.710344828
1,446,1442,877.253120666,621.512482663
1,447,1112,489.083633094,636.897482014
1,448,1079,1087.19925857,627.089898054
1,449,1434,523.881450488,637.573221757
1,450,2215,780.828893905,628.249209932
1,451,1958,361.334525026,641.654239019
1,452,2409,25.1656288917,634.346201743
1,453,1852,109.280237581,635.660907127
1,454,1116,842.180107527,631.003584229
1,455,1520,816.258552632,646.505921053
1,456,2595,1379.32716763,643.273988439
1,457,1577,232.146480659,640.133798351
1,458,1251,901.956834532,645.98401279
1,459,490,862.057142857,644.957142857
1,460,1600,1092.61125,654.793125
1,461,2381,1620.47459051,647.493070139
1,462,1118,958.788908766,646.020572451
1,463,1731,1527.34546505,653.261120739
1,464,2532,608.709320695,652.887045814
1,465,2263,400.181617322,657.64516129
1,466,817,925.567931457,663.971848225
1,467,1188,859.777777778,668.521885522
1,468,1497,267.454241817,664.620574482
1,469,1053,426.934472934,660.00379867
1,470,1902,61.7223974763,663.621976866
1,471,1900,714.306842105,660.006315789
1,472,1351,955.925240563,675.578830496
1,473,1895,158.447493404,663.158311346
1,474,1650,227.012727273,673.89030303
1,475,2100,1028.57190476,666.568571429
1,476,2193,1586.24304606,673.399452804
1,477,2299,1261.50891692,674.32753371
1,478,943,1094.83563097,681.930010604
1,479,2035,670.004914005,677.888452088
1,480,1400,142.507142857,689.005714286
1,481,1919,1479.56904638,682.971339239
1,482,2153,100.127264282,683.93358105
1,483,1677,533.717948718,688.234347048
1,484,1349,908.121571534,684.725722758
1,485,1651,1177.97395518,686.811629316
1,486,1313,480.964965727,691.350342727
1,487,1054,837.433586338,686.790322581
1,488,1595,1077.56426332,697.872100313
1,489,904,509.810840708,698.89380531
1,490,1899,436.100052659,693.46340179
1,491,2210,315.866063348,701.029411765
1,492,1500,712.554,696.798
1,493,1997,47.3194792188,703.673009514
1,494,929,825.491926803,703.64262648
1,495,1814,1720.96802646,701.073869901
1,496,1147,901.210113339,708.058413252
1,497,2012,1911.80914513,710.164015905
1,498,2345,1231.40597015,711.783795309
1,499,1667,378.899820036,709.636472705
1,500,1464,462.81489071,720.887978142
1,501,2118,205.728989613,715.393767705
1,502,1290,712.36124031,722.93875969
1,503,2470,649.199190283,722.093927126
1,504,1898,1948.23972603,716.178082192
1,505,866,1176.74711316,716.177829099
1,506,1500,1645.70733333,714.895333333
1,507,2005,867.555112219,724.041396509
1,508,1478,1982.49661705,723.48714479
1,509,1480,1056.23918919,723.143918919
1,510,1942,1759.05973223,719.070545829
1,511,2735,596.397440585,725.029250457
1,512,1335,818.389513109,726.161048689
1,513,1393,549.591529074,727.444364681
1,514,1136,137.162852113,733.143485915
1,515,1976,348.897773279,736.058704453
1,516,1231,1197.66043867,734.28757108
1,517,1509,165.693174288,733.801192843
1,518,1468,1092.69141689,739.945504087
1,519,1962,415.413863405,736.165647299
1,520,1869,921.037988229,735.924023542
1,521,2344,82.6348122867,735.444539249
1,522,1315,1628.74828897,739.150570342
1,523,1959,788.758550281,741.171005615
1,524,1976,1723.61082996,749.335020243
1,525,2997,1147.62095429,745.627961295
1,526,1255,1016.70358566,740.19123506
1,527,1676,1430.44570406,748.46300716
1,528,2051,1807.38225256,750.948805461
1,529,2351,687.889408762,758.721820502
1,530,1006,1038.98310139,757.166003976
1,531,1568,1633.55612245,766.80994898
1,532,1617,988.316635745,763.573283859
1,533,1750,376.367428571,766.08
1,534,2119,530.715903728,762.378952336
1,535,1616,589.786509901,765.058787129
1,536,1006,1195.39860835,767.875745527
1,537,1052,1768.35741445,756.099809886
1,538,1329,1250.95936795,764.280662152
1,539,1050,1222.61904762,762.016190476
1,540,1560,1067.0974359,772.225641026
1,541,3131,450.121047589,780.540083041
1,542,1914,931.479101358,772.539707419
1,543,1968,1421.86534553,782.976626016
1,544,1506,1780.20385126,784.397742364
1,545,1409,817.476224273,774.66146203
1,546,598,1191.18394649,787.31270903
1,547,1805,249.880886427,780.534626039
1,548,764,218.620418848,776.376963351
1,549,1445,404.933564014,781.468512111
1,550,1519,568.041474654,788.309414088
1,551,1666,1020.11104442,790.731092437
1,552,948,785.550632911,786.935654008
1,553,515,1232.79029126,795.714563107
1,554,1724,1100.25986079,791.980278422
1,555,970,1752.76082474,799.454639175
1,556,1042,1726.70729367,787.757197697
1,557,972,210.62345679,798.523662551
1,558,2127,627.616361072,794.692994828
1,559,1862,919.382384533,805.522556391
1,560,2131,1299.49976537,797.867198498
1,561,1596,1261.70300752,800.103383459
1,562,1399,1148.83202287,792.664045747
1,563,2339,1502.24369389,796.045318512
1,564,2313,133.084306096,803.290531777
1,565,1594,1458.62045169,802.804265997
1,566,2142,83.1134453782,802.732959851
1,567,1606,736.316313823,804.239103362
1,568,1720,808.254069767,813.516860465
1,569,994,1214.64788732,810.087525151
1,570,2246,265.271593945,816.2079252
1,571,2188,403.513711152,821.201553931
1,572,1598,1332.46307885,815.823529412
1,573,1812,1059.24613687,814.225165563
1,574,1151,1132.50130321,818.346655083
1,575,2537,1406.62869531,821.464722113
1,576,1802,570.392896781,821.710321865
1,577,3593,1694.85583078,818.901196772
1,578,821,1170.62850183,820.261875761
1,579,1035,1506.62125604,834.1352657
1,580,1429,1196.87753674,828.740377887
1,581,2243,180.44716897,822.880517165
1,582,1293,1473.13379737,838.13070379
1,583,1742,1555.66647532,830.44489093
1,584,1678,611.976758045,833.907628129
1,585,2097,652.190748689,839.577014783
1,586,988,1097.72773279,832.107287449
1,587,2277,102.211682038,844.496706192
1,588,2499,514.213285314,839.43897559
1,589,1779,739.267566048,842.848229342
1,590,2103,879.04041845,843.049928673
1,591,1927,918.577581733,849.188375714
1,592,2183,1979.29042602,844.911589556
1,593,1184,1152.57179054,849.430743243
1,594,2078,345.789220404,839.46053898
1,595,647,1254.08500773,834.489953632
1,596,2081,1657.71407977,850.114368092
1,597,2228,47.762567325,847.017504488
1,598,1723,1004.30179919,843.801508996
1,599,667,1086.74962519,856.190404798
1,600,824,1380.84101942,853.166262136
1,601,1261,1118.14036479,855.565424266
1,602,1263,1231.48297704,847.083927158
1,603,1639,1267.3081147,861.19219036
1,604,2025,1350.8962963,851.552592593
1,605,1988,772.861167002,852.209758551
1,606,1088,1182.70128676,860.538602941
1,607,1580,837.416455696,849.859493671
1,608,1754,1056.34891676,856.940706956
1,609,2266,157.612091792,859.173874669
1,610,1554,1410.502574,863.53024453
1,611,819,805.078144078,853.844932845
1,612,1897,952.200843437,865.063257775
1,613,1292,1475.9620743,868.172600619
1,614,1126,10.5142095915,861.292184725
1,615,2447,567.132815693,867.811606048
1,616,2081,699.282075925,861.827967323
1,617,1220,805.854918033,880.702459016
1,618,2364,326.31641286,878.55964467
1,619,1462,1024.22982216,878.713406293
1,620,2006,1569.04336989,873.052841476
1,621,756,528.574074074,875.060846561
1,622,1582,985.981668774,882.586599241
1,623,1616,1226.19863861,884.426361386
1,624,1602,1133.44069913,888.569912609
1,625,2091,673.31229077,890.651841224
1,626,2229,386.868999551,893.094212651
1,627,1653,843.467029643,894.320629159
1,628,1370,1069.05328467,891.27080292
1,629,2088,53.4722222222,892.426245211
1,630,2458,518.258340114,904.385272579
1,631,2382,1793.74433249,904.06759026
1,632,1603,880.735495945,898.945726762
1,633,1511,1100.83587028,904.870946393
1,634,763,1563.88466579,905.73525557
1,635,1993,908.693928751,923.817360763
1,636,1679,987.593805837,917.693865396
1,637,1493,18.5867381112,915.805760214
1,638,1787,636.304420817,915.1538892
1,639,2184,219.330586081,920.18040293
1,640,751,393.838881491,920.227696405
1,641,1156,1538.89359862,918.673875433
1,642,1581,1214.56925996,916.462365591
1,643,2084,1590.68378119,922.625239923
1,644,1334,1153.92278861,918.200149925
1,645,2549,154.552765791,925.648097293
1,646,2637,789.631020099,921.731892302
1,647,1877,1038.07352158,923.221097496
1,648,2049,60.009760859,935.088335774
1,649,1477,839.983750846,931.522004062
1,650,1064,1070.88721805,932.839285714
1,651,2434,1477.94782251,934.608052588
1,652,1377,276.673202614,928.065359477
1,653,616,388.152597403,938.920454545
1,654,715,1126.94965035,935.634965035
1,655,2774,1320.50432588,933.428262437
1,656,1972,670.458924949,942.068458418
1,657,1129,946.082373782,935.784765279
1,658,984,12.387195122,951.485772358
1,659,1870,361.798930481,947.986631016
1,660,1174,1103.60306644,945.065587734
1,661,1550,1160.88903226,949.347096774
1,662,1425,1246.69754386,941.086315789
1,663,1317,982.135914958,948.954441913
1,664,1019,1188.16192345,945.133464181
1,665,1379,1557.77592458,955.22697607
1,666,1328,623.732680723,948.972138554
1,667,1723,867.907138712,952.225188624
1,668,996,1214.08032129,954.309236948
1,669,1868,250.169700214,955.402569593
1,670,2222,485.157515752,947.978847885
1,671,872,1530.2706422,953.744266055
1,672,1424,1985.05196629,953.75
1,673,988,308.932186235,949.644736842
1,674,2068,423.70212766,947.800290135
1,675,2280,103.592982456,956.299561404
1,676,862,289.345707657,968.923433875
1,677,2140,593.019626168,970.058411215
1,678,2416,1365.36837748,964.264486755
1,679,1974,954.110942249,975.654002026
1,680,1284,506.201713396,975.503115265
1,681,1279,1238.24003127,976.375293198
1,682,2061,1063.70014556,972.680737506
1,683,2570,548.657587549,977.639299611
1,684,2017,904.69162122,973.097669807
1,685,2155,705.48863109,972.20974478
1,686,1432,431.415502793,979.320530726
1,687,2657,783.572826496,977.913059842
1,688,1699,1113.77045321,978.123602119
1,689,2496,1505.53165064,981.630208333
1,690,1957,324.222278998,983.14001022
1,691,2453,53.1785568691,984.88626172
1,692,1522,211.097897503,982.542049934
1,693,1707,1190.53661394,987.763327475
1,694,2864,1286.19832402,993.31599162
1,695,3362,1011.92712671,985.404223676
1,696,1050,1249.95809524,999.373333333
1,697,1290,1153.0496124,993.196899225
1,698,1051,452.546146527,996.435775452
1,699,1525,617.474754098,998.455081967
1,700,2677,1834.66156145,997.186776242
1,701,1071,1087.88235294,1003.5070028
1,702,3704,835.930075594,996.846922246
1,703,1025,678.956097561,1008.29463415
1,704,2057,653.779776373,1003.18035975
1,705,2168,744.814114391,1000.99538745
1,706,949,176.875658588,1001.97787144
1,707,808,428.22029703,1012.09777228
1,708,743,198.507402423,1018.97442799
1,709,1464,246.245901639,1007.48702186
1,710,1828,1120.96936543,1022.59846827
1,711,1653,706.318814277,1022.62250454
1,712,1977,883.909458776,1011.75417299
1,713,1351,1220.63360474,1022.27609178
1,714,1389,227.136069114,1030.30957523
1,715,765,1194.83921569,1024.89803922
1,716,920,772.52826087,1026.65217391
1,717,1387,340.169430425,1022.04758472
1,718,980,800.709183673,1028.99897959
1,719,1551,168.903932946,1034.69825919
1,720,2240,297.742410714,1027.82098214
1,721,2149,489.893904141,1025.68962308
1,722,1726,1165.72132097,1032.97856315
1,723,1971,1909.847793,1036.28209031
1,724,1019,422.138370952,1034.50736016
1,725,1614,889.465303594,1044.64622057
1,726,1694,1077.35596222,1037.14344746
1,727,1828,1718.39606127,1035.69474836
1,728,2046,964.88514174,1030.85777126
1,729,960,448.421875,1044.69583333
1,730,772,465.428756477,1053.55699482
1,731,1077,671.899721448,1047.50603528
1,732,1507,1044.29927007,1048.73589914
1,733,2164,525.063308688,1052.52402957
1,734,2210,761.696832579,1059.22760181
1,735,1630,1289.77791411,1053.74233129
1,736,954,1009.59853249,1053.65513627
1,737,2333,125.006000857,1052.3806258
1,738,2301,342.535853977,1059.97479357
1,739,1812,935.028145695,1059.99944812
1,740,1223,1201.43499591,1060.00081766
1,741,1572,704.180025445,1065.40776081
1,742,723,1027.50899032,1071.06500692
1,743,2077,1387.36446798,1057.57053442
1,744,2238,417.117515639,1073.41823056
1,745,2454,601.136104319,1062.12184189
1,746,834,663.634292566,1071.52278177
1,747,1879,1435.04789782,1067.01703034
1,748,925,989.852972973,1064.73405405
1,749,1156,79.7257785467,1064.47318339
1,750,1736,1976.21428571,1060.96370968
1,751,1733,1139.25851125,1067.80092325
1,752,1632,1234.03676471,1072.38848039
1,753,769,1172.61638492,1076.04421326
1,754,2091,868.980870397,1079.40889527
1,755,1893,226.47913365,1073.15108294
1,756,718,970.849582173,1077.84401114
1,757,1967,1089.32231825,1077.7544484
1,758,1676,101.054295943,1090.8150358
1,759,1730,47.2069364162,1075.79537572
1,760,2053,187.748660497,1086.55431076
1,761,1405,1401.14733096,1095.98007117
1,762,1472,1978.0638587,1096.26970109
1,763,1518,737.325428195,1092.80105402
1,764,2397,829.025865665,1096.25031289
1,765,644,1005.46118012,1096.12732919
1,766,2305,1266.4021692,1090.02472885
1,767,2438,1539.09639048,1095.54675964
1,768,2501,270.264694122,1089.28188725
1,769,974,943.599589322,1093.8788501
1,770,891,708.336700337,1101.39842873
1,771,2144,1201.91697761,1105.59934701
1,772,1652,1073.90920097,1109.73123487
1,773,1052,1136.6634981,1100.3526616
1,774,928,975.975215517,1105.84482759
1,775,1767,634.475382003,1098.91397849
1,776,1844,1436.30206074,1111.19143167
1,777,2430,1642.48559671,1108.81769547
1,778,1191,914.497900924,1104.03106633
1,779,2065,1879.10460048,1107.45956416
1,780,1171,760.327924851,1110.02732707
1,781,686,1166.49125364,1108.66472303
1,782,1525,64.4839344262,1113.5895082
1,783,2218,677.239855726,1113.39224527
1,784,1759,618.06708357,1124.82603752
1,785,1725,947.855072464,1130.48869565
1,786,3083,1033.65455725,1119.42166721
1,787,1555,892.221221865,1121.61286174
1,788,1250,291.0704,1125.4736
1,789,1820,545.615934066,1122.59945055
1,790,986,257.012170385,1126.31135903
1,791,301,1176.48172757,1128.10631229
1,792,749,1149.33377837,1131.28437917
1,793,994,430.277665996,1122.47887324
1,794,2933,1299.98465735,1131.74940334
1,795,1763,790.275099263,1132.88825865
1,796,1399,992.190135811,1134.60543245
1,797,956,411.40167364,1140.22803347
1,798,2040,1111.42598039,1133.96568627
1,799,1486,98.3647375505,1136.77119785
1,800,859,1169.82770664,1150.64027939
1,801,2083,1204.66586654,1154.97407585
1,802,2243,342.431564868,1143.67454302
1,803,1126,271.8330373,1153.65541741
1,804,1787,578.945159485,1145.52714046
1,805,2593,1897.4604705,1149.02545314
1,806,1913,1943.12336644,1145.05697857
1,807,1783,759.216489063,1153.86819966
1,808,2463,1525.47381242,1153.46447422
1,809,2401,1818.41940858,1153.3573511
1,810,1470,430.660544218,1161.50748299
1,811,1226,1133.40701468,1164.18433931
1,812,1821,123.140032949,1157.74848984
1,813,1627,516.800860479,1154.01905347
1,814,122,3.12295081967,1160.18852459
1,815,1876,847.237739872,1162.10660981
1,816,1214,1276.36408567,1163.98599671
1,817,1397,14.9033643522,1160.3249821
1,818,535,1880.27102804,1173.08785047
1,819,1646,249.894896719,1171.68590522
1,820,875,1861.35657143,1167.68342857
1,821,1559,533.93136626,1179.24887749
1,822,2390,915.291631799,1170.78410042
1,823,1354,50.8101920236,1165.69276219
1,824,1007,572.238331678,1182.49652433
1,825,1598,212.64893617,1169.00750939
1,826,1565,361.534824281,1178.80127796
1,827,1861,1336.13863514,1174.31864589
1,828,1751,1108.05596802,1186.81553398
1,829,2328,606.85652921,1183.71563574
1,830,1541,1896.94808566,1195.21349773
1,831,2090,451.097607656,1187.80909091
1,832,1077,40.1532033426,1192.23398329
1,833,1073,1182.62441752,1186.55917987
1,834,1538,1289.28673602,1193.21391417
1,835,1326,1963.15384615,1188.35294118
1,836,914,106.584245077,1192.66630197
1,837,627,1331.57894737,1201.18819777
1,838,719,1367.01390821,1187.44923505
1,839,1786,1839.88297872,1194.0212766
1,840,1381,143.434467777,1188.84866039
1,841,2285,988.936980306,1191.45295405
1,842,2391,653.355918026,1197.13508992
1,843,1306,744.127871363,1196.68147014
1,844,1478,1029.66779432,1187.52571042
1,845,1277,1987.82850431,1191.35943618
1,846,2373,1158.62873999,1202.27391488
1,847,2877,191.405283281,1201.58672228
1,848,2007,702.783258595,1199.06875934
1,849,1744,1393.41513761,1197.13016055
1,850,1727,775.71163868,1200.60277939
1,851,772,1060.53367876,1193.08031088
1,852,2483,815.079339509,1203.89609344
1,853,1384,1086.98121387,1200.34465318
1,854,2447,1691.49693502,1206.70371884
1,855,1233,1940.46634225,1205.93349554
1,856,525,1037.41142857,1215.82857143
1,857,1174,16.5374787053,1213.72572402
1,858,1913,324.663355985,1213.88604286
1,859,613,1014.07177814,1219.7177814
1,860,1296,1362.66820988,1222.47993827
1,861,1692,240.047281324,1220.41548463
1,862,1692,855.292553191,1214.76654846
1,863,1117,1062.91495076,1225.40644584
1,864,1559,131.621552277,1221.37203335
1,865,2521,1452.14637049,1224.93811979
1,866,2006,898.019441675,1220.94965105
1,867,2470,943.814574899,1221.7757085
1,868,2515,535.235785288,1223.84333996
1,869,2698,413.451445515,1222.91882876
1,870,1583,577.862918509,1228.2008844
1,871,452,681.161504425,1233.1460177
1,872,2485,1219.72595573,1234.41529175
1,873,1449,1941.83712905,1234.02070393
1,874,612,19.6274509804,1245.19117647
1,875,1442,41.9452149792,1243.85644938
1,876,1791,706.728643216,1243.01507538
1,877,1766,1139.47168743,1241.42298981
1,878,1179,662.875318066,1237.39355386
1,879,2037,773.492881689,1243.80412371
1,880,2250,1862.62311111,1242.27466667
1,881,844,1349.44312796,1238.54028436
1,882,735,1015.7755102,1242.71836735
1,883,321,1047.85669782,1243.62616822
1,884,819,1093.57753358,1241.14652015
1,885,511,1325.30136986,1237.24657534
1,886,1634,488.409424725,1241.94675643
1,887,2338,851.608212147,1257.70230967
1,888,2072,1641.31563707,1250.63223938
1,889,975,1963.34871795,1259.33435897
1,890,963,1987.16614746,1241.70404984
1,891,389,466.910025707,1251.71722365
1,892,1130,895.760176991,1259.12654867
1,893,828,1038.88043478,1260.08816425
1,894,1516,1172.99274406,1249.59102902
1,895,2182,120.766727773,1254.43629698
1,896,2342,314.162254483,1260.42912041
1,897,1296,996.531635802,1252.54552469
1,898,1374,1078.1775837,1262.4279476
1,899,1459,1306.54969157,1258.50993831
1,900,1291,647.690162665,1262.18048025
1,901,1288,924.750776398,1267.83307453
1,902,1411,1346.68249468,1269.57760454
1,903,617,1937.29011345,1260.58508914
1,904,1542,574.858625162,1266.51491569
1,905,1275,981.24,1271.73647059
1,906,1746,1806.33906071,1270.70904926
1,907,1534,470.805736636,1273.83246415
1,908,786,1985.61577608,1278.06234097
1,909,1227,775.541157294,1277.36267319
1,910,1158,646.708117444,1290.87737478
1,911,1134,1921.01234568,1273.80511464
1,912,241,1961.0,1282.85477178
1,913,522,1873.13218391,1275.35823755
1,914,939,1893.74014909,1274.75186368
1,915,1738,723.677790564,1281.7301496
1,916,1076,682.292750929,1282.34200743
1,917,1247,1065.68885325,1291.38893344
1,918,2276,1250.43189807,1283.09050967
1,919,1629,755.003683241,1298.0859423
1,920,1746,1180.31557847,1286.0652921
1,921,1858,198.655005382,1285.79009688
1,922,1874,552.878335112,1290.51707577
1,923,757,1841.54557464,1280.41479524
1,924,2438,349.291222313,1289.78096801
1,925,2108,412.931214421,1292.99335863
1,926,1070,171.012149533,1294.11682243
1,927,2500,1521.9412,1294.5036
1,928,1864,1692.0638412,1292.90718884
1,929,961,1858.2226847,1298.69614984
1,930,1738,1022.48331415,1294.71288838
1,931,1852,1108.87041037,1288.46814255
1,932,1461,1310.37166324,1293.12936345
1,933,1952,960.93545082,1299.36936475
1,934,1917,1155.24986959,1304.80125196
1,935,900,1887.08222222,1309.89777778
1,936,1291,1940.34624322,1306.16189001
1,937,2032,479.696850394,1307.13927165
1,938,2037,689.540009818,1315.82474227
1,939,537,1909.51396648,1307.52886406
1,940,589,1968.23259762,1304.524618
1,941,2974,1287.86381977,1325.96839274
1,942,619,1989.77059774,1306.84006462
1,943,1639,267.394752898,1307.57107993
1,944,496,1124.96572581,1313.29435484
1,945,1893,1678.30005283,1327.66877971
1,946,2211,132.301673451,1312.5834464
1,947,872,594.791284404,1311.89678899
1,948,2003,889.746380429,1318.5771343
1,949,2002,1808.48001998,1314.15034965
1,950,589,1917.43633277,1327.57724958
1,951,535,1850.24485981,1319.71775701
1,952,1461,929.765913758,1321.4934976
1,953,405,1968.40987654,1326.79506173
1,954,877,157.055872292,1332.17559863
1,955,1440,988.303472222,1326.24236111
1,956,1108,1031.22202166,1326.09837545
1,957,2790,309.618996416,1324.11397849
1,958,1507,599.324485733,1334.36098208
1,959,1316,1067.25,1328.49544073
1,960,1892,1758.27167019,1331.34196617
1,961,246,1992.32520325,1329.63821138
1,962,2337,813.860077022,1331.93281985
1,963,435,1838.64827586,1333.56781609
1,964,1109,1096.10459874,1330.76555455
1,965,709,1953.60084626,1339.03526093
1,966,563,485.214920071,1331.87921847
1,967,516,1123.07364341,1338.26937984
1,968,1861,257.135948415,1343.69908651
1,969,321,1984.26479751,1340.48286604
1,970,2533,25.10422424,1343.02881958
1,971,2321,530.992244722,1340.24342956
1,972,1403,1718.22736992,1337.5616536
1,973,656,1141.60213415,1338.16615854
1,974,1029,1894.07968902,1346.02137998
1,975,793,1815.12484237,1345.76796974
1,976,2420,424.508677686,1349.38966942
1,977,442,1848.3959276,1349.31221719
1,978,1212,1053.44389439,1356.95462046
1,979,433,158.129330254,1350.38568129
1,980,1211,916.414533443,1354.31379026
1,981,1389,1166.34989201,1348.16990641
1,982,2291,1545.15757311,1348.47402881
1,983,997,482.708124373,1347.34904714
1,984,663,1102.52488688,1357.52187029
1,985,1094,1017.69012797,1354.91133455
1,986,1049,1866.84175405,1348.20400381
1,987,635,1989.61259843,1361.83307087
1,988,716,1926.11173184,1350.12849162
1,989,563,1785.4955595,1351.24511545
1,990,1361,134.764878766,1358.14695077
1,991,2659,1509.2504701,1367.39601354
1,992,1029,1967.91642371,1371.13702624
1,993,1834,621.022355507,1360.47110142
1,994,1767,687.47934352,1359.11658178
1,995,1568,953.150510204,1358.31696429
1,996,358,1913.66759777,1365.67597765
1,997,1029,1121.21865889,1373.31875607
1,998,2320,1623.45301724,1365.03491379
1,999,628,1942.99363057,1365.48248408
1,1000,1294,977.053323029,1373.55023184
1,1001,330,1775.81818182,1364.66666667
1,1002,1618,726.394932015,1361.24907293
1,1003,433,1802.92840647,1365.32101617
1,1004,186,1887.04301075,1369.8655914
1,1005,1771,189.530208922,1367.74421231
1,1006,1110,1740.58288288,1369.96036036
1,1007,1467,106.427402863,1371.49011588
1,1008,721,758.288488211,1363.26213592
1,1009,983,1002.62360122,1377.10986775
1,1010,594,1834.37878788,1370.25084175
1,1011,2263,474.476800707,1377.83340698
1,1012,1470,538.180272109,1379.13673469
1,1013,1828,1695.89113786,1375.66301969
1,1014,652,1870.96165644,1378.79141104
1,1015,643,1762.155521,1381.53032659
1,1016,1955,889.236317136,1376.37544757
1,1017,1321,262.288417865,1381.77289932
1,1018,655,291.659541985,1370.57709924
1,1019,2025,1195.66962963,1377.62271605
1,1020,221,1850.60633484,1381.90950226
1,1021,581,1787.2616179,1385.37349398
1,1022,643,1899.68895801,1385.08087092
1,1023,1344,854.736607143,1386.15252976
1,1024,1356,759.624631268,1389.03318584
1,1025,2464,808.070616883,1381.82224026
1,1026,2408,308.354651163,1393.63621262
1,1027,1699,578.161859918,1389.41377281
1,1028,965,607.120207254,1397.12331606
1,1029,1976,1154.90991903,1390.49190283
1,1030,2171,660.052970981,1391.67065868
1,1031,1497,179.722778891,1398.9492318
1,1032,1811,229.792932082,1390.92269464
1,1033,1505,1936.24318937,1395.15548173
1,1034,1352,124.412721893,1397.91420118
1,1035,2691,1481.69713861,1398.43812709
1,1036,998,1816.44188377,1389.40981964
1,1037,1120,1040.28928571,1391.46071429
1,1038,2398,23.3152627189,1399.94745621
1,1039,1655,1087.69486405,1388.53655589
1,1040,616,633.12012987,1398.54220779
1,1041,1067,711.159325211,1395.60168697
1,1042,1903,1272.13767735,1398.65790857
1,1043,1119,1723.88114388,1396.78284182
1,1044,495,1772.69494949,1401.7010101
1,1045,543,737.160220994,1409.4106814
1,1046,176,1837.74431818,1409.39772727
1,1047,911,1849.18880351,1399.56641054
1,1048,482,1879.906639,1402.79045643
1,1049,2299,1431.09308395,1404.8538495
1,1050,922,536.518438178,1412.90563991
1,1051,1347,1008.21529324,1409.8121752
1,1052,1456,1906.83379121,1420.37912088
1,1053,1344,1398.49627976,1411.96875
1,1054,582,1803.04467354,1410.68213058
1,1055,1198,1067.26377295,1414.99499165
1,1056,958,626.456158664,1422.39457203
1,1057,949,1717.53635406,1420.25289779
1,1058,1906,145.623819517,1421.43756558
1,1059,1024,559.567382813,1420.85742188
1,1060,438,1857.956621,1423.23972603
1,1061,1365,686.526007326,1421.11721612
1,1062,626,1775.97444089,1418.68370607
1,1063,959,727.851929093,1427.3826903
1,1064,414,1878.01449275,1424.59178744
1,1065,1584,1225.47853535,1423.95075758
1,1066,1474,826.643147897,1422.83175034
1,1067,1166,1033.74099485,1429.68010292
1,1068,530,1746.94150943,1419.63018868
1,1069,958,906.897703549,1412.43215031
1,1070,2265,396.335099338,1421.999117
1,1071,1439,1084.19457957,1437.24530924
1,1072,1424,939.053370787,1419.3258427
1,1073,1307,1123.27850038,1420.5317521
1,1074,359,1795.76044568,1431.96935933
1,1075,915,846.554098361,1440.05027322
1,1076,2276,219.509226714,1432.53119508
1,1077,2163,779.486361535,1425.07027277
1,1078,1148,1827.79442509,1432.8684669
1,1079,1189,490.761984861,1432.77964676
1,1080,670,1144.84776119,1432.79402985
1,1081,1737,1255.94300518,1440.28900403
1,1082,1324,1930.76435045,1438.81873112
1,1083,1365,870.707692308,1424.70769231
1,1084,1604,460.978802993,1431.24625935
1,1085,439,1738.9453303,1444.51936219
1,1086,883,1759.05096263,1444.0792752
1,1087,2051,307.489517309,1438.91321307
1,1088,528,913.450757576,1443.90340909
1,1089,831,892.986762936,1441.84356197
1,1090,1113,954.859838275,1446.29559748
1,1091,930,1116.96989247,1454.28064516
1,1092,265,1808.04150943,1447.02641509
1,1093,571,1852.59194396,1446.5971979
1,1094,1133,1881.24713151,1449.95675199
1,1095,945,1162.8,1441.72169312
1,1096,1595,1711.68589342,1451.73793103
1,1097,920,529.266304348,1448.55
1,1098,728,1783.03159341,1451.43406593
1,1099,1870,407.00855615,1458.99946524
1,1100,801,507.792759051,1447.87515605
1,1101,393,1824.56997455,1457.72010178
1,1102,1045,802.624880383,1454.3923445
1,1103,1595,713.67460815,1458.94858934
1,1104,1277,923.917776038,1468.15191856
1,1105,1332,1629.07732733,1446.43393393
1,1106,1106,741.962929476,1465.23508137
1,1107,454,1805.84801762,1465.26211454
1,1108,1974,95.3156028369,1469.82168186
1,1109,1455,126.743642612,1460.46391753
1,1110,1330,975.816541353,1459.99022556
1,1111,300,1841.90666667,1467.54666667
1,1112,1492,199.949731903,1463.46313673
1,1113,1125,1151.416,1474.04177778
1,1114,2096,453.466603053,1468.5
1,1115,635,782.017322835,1468.57322835
1,1116,2101,682.827225131,1474.57829605
1,1117,1307,1035.33894415,1462.07727621
1,1118,2057,1943.68157511,1473.08215848
1,1119,1286,873.579315708,1468.16485226
1,1120,1819,1184.46344145,1471.08521165
1,1121,630,1867.0,1472.87619048
1,1122,1670,312.85508982,1475.30479042
1,1123,3114,1646.85613359,1472.78002569
1,1124,1036,1760.95173745,1476.03185328
1,1125,1085,999.889400922,1471.30599078
1,1126,1481,269.474679271,1478.76232275
1,1127,1304,1094.97546012,1475.02684049
1,1128,433,1789.12009238,1478.00461894
1,1129,438,1823.05251142,1478.96347032
1,1130,1871,238.794762159,1487.40780331
1,1131,2834,627.592448836,1487.60585745
1,1132,558,1843.87096774,1490.13261649
1,1133,1567,509.136566688,1481.96490108
1,1134,1222,1125.51963993,1493.85842881
1,1135,952,203.818277311,1493.29201681
1,1136,1296,1028.08179012,1492.88888889
1,1137,2450,1237.95918367,1483.46938776
1,1138,1414,849.943422914,1491.85855728
1,1139,1603,889.656893325,1498.51715533
1,1140,644,797.523291925,1495.57763975
1,1141,1111,1730.95229523,1489.61206121
1,1142,726,1798.35674931,1499.33471074
1,1143,1905,174.283989501,1501.75328084
1,1144,1738,339.742232451,1499.91426928
1,1145,2308,1407.27383016,1500.58405546
1,1146,584,1768.29623288,1498.18493151
1,1147,468,1822.68376068,1498.22435897
1,1148,1271,1880.12431157,1496.17781275
1,1149,2233,61.0071652485,1493.94670846
1,1150,2313,378.369217466,1497.64418504
1,1151,1546,817.135834411,1503.57697283
1,1152,2049,978.448999512,1504.57442655
1,1153,1589,771.603524229,1497.91063562
1,1154,1104,1079.41485507,1499.41576087
1,1155,1980,520.467171717,1508.86616162
1,1156,2165,1695.08036952,1499.28775982
1,1157,941,842.882040383,1523.87141339
1,1158,691,1767.37047757,1521.28075253
1,1159,1378,1866.07764877,1529.15166909
1,1160,1181,1221.47163421,1510.86706181
1,1161,1565,1276.46709265,1512.57060703
1,1162,1224,1819.32107843,1525.85702614
1,1163,1438,39.0361613352,1521.14603616
1,1164,1054,933.268500949,1512.90986717
1,1165,2617,1612.1016431,1520.96331677
1,1166,738,1109.60298103,1521.78861789
1,1167,1140,902.362280702,1525.78421053
1,1168,2102,664.261655566,1526.38392008
1,1169,828,1740.74154589,1517.80676329
1,1170,1505,1194.99933555,1520.26312292
1,1171,1807,703.650249032,1517.26618705
1,1172,1741,751.386559449,1524.98966111
1,1173,952,1076.50840336,1524.06407563
1,1174,1042,1036.67466411,1520.34932821
1,1175,888,1843.65202703,1532.18581081
1,1176,1489,1684.6453996,1535.52115514
1,1177,1780,1984.21629213,1528.53033708
1,1178,1599,1273.6097561,1542.47779862
1,1179,741,1790.92982456,1530.31578947
1,1180,1871,1901.43987173,1533.68572956
1,1181,1145,1127.61048035,1536.91266376
1,1182,380,1015.12368421,1529.44210526
1,1183,2515,560.572564612,1538.53121272
1,1184,770,945.944155844,1538.52467532
1,1185,1324,977.52265861,1540.81268882
1,1186,1153,912.939288812,1552.65481353
1,1187,776,1227.15850515,1543.2564433
1,1188,2111,1559.90762672,1544.11605874
1,1189,1084,1729.03413284,1539.91789668
1,1190,360,1768.54166667,1545.22777778
1,1191,1082,1006.01016636,1551.54805915
1,1192,1642,1516.82643118,1545.41047503
1,1193,1393,1483.52907394,1537.18880115
1,1194,1975,713.662278481,1554.77265823
1,1195,2907,486.09872721,1551.22325421
1,1196,114,1760.63157895,1553.5
1,1197,1099,1050.75796178,1556.0955414
1,1198,2590,1399.65173745,1555.0972973
1,1199,1426,1075.22159888,1561.67671809
1,1200,1649,1811.80715585,1567.16616131
1,1201,1657,631.884127942,1547.78636089
1,1202,892,1025.53026906,1563.42376682
1,1203,955,1101.38534031,1562.78010471
1,1204,629,1740.44356121,1560.86645469
1,1205,2457,808.284900285,1556.45095645
1,1206,1256,1673.9339172,1564.94506369
1,1207,788,1783.61675127,1565.27664975
1,1208,2355,147.402972399,1567.61061571
1,1209,2536,1633.86001577,1571.47358044
1,1210,2024,528.06472332,1575.27618577
1,1211,1873,605.933262146,1576.10517886
1,1212,1877,870.713905168,1572.29941396
1,1213,1062,1708.49717514,1570.57532957
1,1214,1599,937.51094434,1578.7604753
1,1215,744,1189.65591398,1565.21102151
1,1216,2456,1220.38355049,1580.5769544
1,1217,2251,1478.11728121,1577.48645047
1,1218,1007,1748.2571996,1579.58093347
1,1219,1824,642.903508772,1591.72149123
1,1220,2190,1928.18858447,1576.97214612
1,1221,1868,969.308351178,1585.58940043
1,1222,2709,255.263565891,1587.23661868
1,1223,2394,441.733500418,1586.28822055
1,1224,1154,901.631715771,1587.81889081
1,1225,965,1185.81139896,1589.90051813
1,1226,1860,741.581182796,1582.73978495
1,1227,848,1991.1379717,1594.05660377
1,1228,1968,374.464939024,1591.66056911
1,1229,1363,831.410858401,1590.27659574
1,1230,2503,1962.16060727,1596.78026368
1,1231,1158,1014.14162349,1593.12780656
1,1232,1939,89.6632284683,1598.47343992
1,1233,1294,1669.86630603,1603.48454405
1,1234,1443,682.175329175,1596.26888427
1,1235,1446,1778.11410788,1596.31742739
1,1236,1214,572.44645799,1595.56260297
1,1237,1939,1885.1108819,1595.50489943
1,1238,1029,750.237123421,1613.65889213
1,1239,1587,1845.0384373,1600.11405167
1,1240,1487,1697.33691997,1612.9737727
1,1241,516,1721.19379845,1602.16472868
1,1242,1036,1034.46042471,1605.55791506
1,1243,581,1748.36660929,1614.80034423
1,1244,2505,302.648303393,1612.56886228
1,1245,2512,1580.25995223,1614.32802548
1,1246,1386,988.499278499,1618.75468975
1,1247,823,1728.7727825,1620.66342649
1,1248,981,457.948012232,1609.35372069
1,1249,593,698.696458685,1613.37099494
1,1250,840,1048.01547619,1618.49761905
1,1251,2111,517.417337755,1619.67314069
1,1252,1081,721.073080481,1619.53191489
1,1253,2271,1377.74240423,1620.09555262
1,1254,547,1870.67458867,1624.95795247
1,1255,1596,466.815162907,1631.01942356
1,1256,1317,903.113895216,1622.103265
1,1257,1364,867.510997067,1618.20747801
1,1258,926,1802.8650108,1619.12095032
1,1259,2005,563.23042394,1627.31670823
1,1260,2488,800.817524116,1622.66358521
1,1261,2030,135.661083744,1615.77980296
1,1262,2456,1190.86441368,1624.63517915
1,1263,929,1785.57158235,1637.53175457
1,1264,2057,60.939718036,1625.8483228
1,1265,1456,838.776098901,1634.05357143
1,1266,1845,658.894850949,1632.42926829
1,1267,2447,223.180629342,1630.69023294
1,1268,520,1754.70384615,1636.20961538
1,1269,306,1769.38562092,1636.33333333
1,1270,1950,161.006153846,1645.21384615
1,1271,1095,1017.7652968,1644.92237443
1,1272,1614,1842.39467162,1640.54522924
1,1273,1264,930.576740506,1640.74050633
1,1274,1078,1109.87940631,1638.94248609
1,1275,2266,345.134157105,1649.68093557
1,1276,606,1712.90924092,1648.81848185
1,1277,1208,1681.14652318,1650.26655629
1,1278,1269,709.283687943,1648.06540583
1,1279,1067,1079.04311153,1648.99906279
1,1280,1823,1056.165661,1643.96599013
1,1281,1939,1180.54512635,1666.89994843
1,1282,2525,1257.18811881,1653.69940594
1,1283,309,1742.79288026,1648.23300971
1,1284,872,1113.69266055,1665.81880734
1,1285,858,1207.47552448,1661.53729604
1,1286,480,1720.29166667,1666.00833333
1,1287,2333,873.879554222,1663.9357051
1,1288,1283,948.095089634,1668.78020265
1,1289,1397,972.051539012,1658.51539012
1,1290,937,680.859124867,1666.37566702
1,1291,970,93.8237113402,1663.85876289
1,1292,1500,68.6286666667,1671.448
1,1293,763,655.874180865,1666.35648755
1,1294,317,1087.15457413,1671.20820189
1,1295,1579,913.799240025,1678.02216593
1,1296,2308,470.95407279,1672.97270364
1,1297,964,736.4906639,1666.48029046
1,1298,1186,1160.53625632,1675.34907251
1,1299,2130,1850.08732394,1676.64366197
1,1300,2535,1957.81262327,1675.62800789
1,1301,2152,1600.50325279,1674.05715613
1,1302,462,1736.94588745,1667.28787879
1,1303,1422,816.833333333,1674.12939522
1,1304,1263,790.055423595,1677.44022169
1,1305,1747,520.013165426,1680.13795077
1,1306,2029,590.856579596,1678.00689995
1,1307,573,1699.88656195,1677.56719023
1,1308,2254,1769.16459627,1678.19609583
1,1309,1729,764.814343551,1692.49334876
1,1310,549,5.95081967213,1683.73041894
1,1311,2649,228.126085315,1687.65232163
1,1312,1198,997.833889816,1679.77629382
1,1313,965,26.0797927461,1679.49222798
1,1314,1765,640.166005666,1686.17677054
1,1315,3211,1424.08190595,1691.11118032
1,1316,1104,1072.17481884,1687.18206522
1,1317,1084,50.3376383764,1697.40221402
1,1318,1501,1111.22851432,1699.89407062
1,1319,1798,1665.35817575,1688.95216908
1,1320,2510,128.250996016,1693.5876494
1,1321,656,1729.87195122,1693.38262195
1,1322,1269,845.48857368,1695.22695035
1,1323,1435,1025.8195122,1693.47456446
1,1324,437,1705.5812357,1699.11899314
1,1325,987,624.176291793,1710.38601824
1,1326,2539,721.569121701,1702.73611658
1,1327,1238,887.714862682,1704.3546042
1,1328,662,1682.6223565,1710.89123867
1,1329,1748,685.867276888,1708.27745995
1,1330,1240,1040.86451613,1717.16612903
1,1331,544,1074.31066176,1708.97058824
1,1332,1087,961.669733211,1704.53725851
1,1333,458,1750.49126638,1708.11353712
1,1334,2420,391.135123967,1699.85495868
1,1335,1335,20.4509363296,1717.61198502
1,1336,1201,994.182348043,1717.09242298
1,1337,1710,1786.35672515,1720.76842105
1,1338,926,1717.22894168,1721.63714903
1,1339,2776,1923.57456772,1717.40814121
1,1340,1610,298.40931677,1717.80807453
1,1341,1921,824.025507548,1723.65486726
1,1342,2165,1977.0665127,1722.90854503
1,1343,1983,591.888048411,1726.33888048
1,1344,2115,1882.13238771,1729.2108747
1,1345,860,877.165116279,1726.40581395
1,1346,1960,367.005612245,1733.04285714
1,1347,1301,1639.32205995,1720.76479631
1,1348,942,964.988322718,1736.61464968
1,1349,463,1690.69762419,1728.06911447
1,1350,2549,522.103962338,1730.56021969
1,1351,974,937.519507187,1726.06365503
1,1352,569,1755.67135325,1734.27592267
1,1353,513,1739.16569201,1727.22222222
1,1354,2207,1083.20888083,1736.43996375
1,1355,1906,1169.44386149,1734.66894019
1,1356,1008,924.202380952,1740.52480159
1,1357,2084,1594.39107486,1736.04222649
1,1358,863,1669.26535342,1743.32329085
1,1359,1939,271.994326973,1742.11758638
1,1360,1476,1628.32384824,1754.73373984
1,1361,1491,412.274983233,1746.83568075
1,1362,2984,458.706769437,1746.71615282
1,1363,2736,1255.0504386,1745.88413743
1,1364,790,906.649367089,1747.98734177
1,1365,462,1700.03679654,1745.34199134
1,1366,1822,1495.70526894,1747.39626784
1,1367,2388,1822.89991625,1752.42629816
1,1368,1939,739.048994327,1750.566787
1,1369,1882,625.37088204,1755.17056323
1,1370,1590,867.488050314,1753.35031447
1,1371,1645,993.405471125,1756.58297872
1,1372,959,652.735140772,1755.3451512
1,1373,764,1731.92146597,1756.16884817
1,1374,1903,318.042038886,1762.43720441
1,1375,1804,679.441796009,1755.55931264
1,1376,1190,1768.11428571,1758.15798319
1,1377,1250,1137.2024,1757.7512
1,1378,2262,1459.6423519,1758.20070734
1,1379,337,1701.29080119,1762.884273
1,1380,1569,803.012746973,1760.37412365
1,1381,1901,1050.02261967,1770.05365597
1,1382,751,1660.51797603,1767.71238349
1,1383,1455,1021.43230241,1768.14020619
1,1384,279,1686.65591398,1767.26523297
1,1385,1268,829.02444795,1773.95189274
1,1386,2030,177.567487685,1766.09802956
1,1387,1391,260.457225018,1772.63479511
1,1388,974,903.578028747,1774.0338809
1,1389,2168,1100.3952952,1778.00738007
1,1390,1253,1712.1763767,1783.26336792
1,1391,2707,570.715182859,1780.36904322
1,1392,2459,1161.14599431,1789.5046767
1,1393,1002,1759.30439122,1785.80538922
1,1394,1661,762.131848284,1779.15472607
1,1395,297,883.612794613,1781.86195286
1,1396,935,938.059893048,1780.8
1,1397,953,1667.79433368,1790.76705142
1,1398,1870,226.197326203,1788.37647059
1,1399,1693,700.525694034,1791.05906675
1,1400,1887,974.178590355,1792.80286169
1,1401,1932,519.76863354,1793.79347826
1,1402,775,1690.96258065,1804.28
1,1403,564,1735.59397163,1790.0141844
1,1404,1393,850.913137114,1794.49102656
1,1405,1537,192.562134027,1800.29993494
1,1406,706,881.47733711,1799.41501416
1,1407,1260,618.549206349,1796.37619048
1,1408,1128,735.093971631,1800.72163121
1,1409,1751,1632.5905197,1800.14563107
1,1410,2570,1936.27392996,1803.93618677
1,1411,883,929.103057758,1805.18346546
1,1412,2029,267.482503696,1811.24100542
1,1413,835,901.076646707,1813.84670659
1,1414,827,87.2648125756,1806.62152358
1,1415,1411,795.347271439,1805.44365698
1,1416,2324,1595.5869191,1810.17641997
1,1417,1620,495.312962963,1818.27716049
1,1418,1801,1737.45696835,1822.50138812
1,1419,988,1668.01821862,1821.54048583
1,1420,1945,1782.57943445,1818.38714653
1,1421,717,854.411436541,1822.05718271
1,1422,1965,637.133842239,1824.44427481
1,1423,752,74.4188829787,1829.82446809
1,1424,792,824.237373737,1821.94191919
1,1425,1283,1561.89321902,1820.12938426
1,1426,1661,670.612281758,1829.36905479
1,1427,1272,763.580188679,1827.31525157
1,1428,1969,166.145251397,1829.34332148
1,1429,633,1546.34439179,1831.02053712
1,1430,607,1697.10378913,1832.46622735
1,1431,1474,103.614654003,1836.1431479
1,1432,1325,919.547169811,1836.2490566
1,1433,1000,990.369,1823.459
1,1434,605,883.148760331,1834.43305785
1,1435,797,792.337515684,1840.67377666
1,1436,1666,31.6152460984,1832.75330132
1,1437,972,817.71090535,1848.65740741
1,1438,424,996.224056604,1844.13679245
1,1439,2957,1152.87554954,1834.82516064
1,1440,1416,962.020480226,1838.98234463
1,1441,1322,482.480332829,1846.42586989
1,1442,1719,1019.46422339,1843.76963351
1,1443,650,1728.76923077,1847.85846154
1,1444,2292,538.840750436,1854.48123909
1,1445,1064,1987.43984962,1851.81015038
1,1446,2700,860.633333333,1861.82962963
1,1447,1166,744.238421955,1845.05746141
1,1448,478,1707.9916318,1852.4665272
1,1449,728,1172.26648352,1861.40247253
1,1450,2170,449.92718894,1856.40414747
1,1451,411,1692.94647202,1859.09245742
1,1452,1642,1784.61327649,1859.54202192
1,1453,1619,1656.32550957,1849.49722051
1,1454,2273,1547.12142543,1864.86493621
1,1455,1233,716.751013788,1864.06163828
1,1456,2360,1224.59194915,1867.47372881
1,1457,2003,49.5641537693,1866.03744383
1,1458,1365,1747.73479853,1873.41684982
1,1459,731,756.455540356,1872.24487004
1,1460,1191,1134.70109152,1876.30898405
1,1461,1535,983.732247557,1875.6286645
1,1462,1695,605.578171091,1873.33215339
1,1463,1948,337.661190965,1872.27002053
1,1464,1343,643.519731943,1873.1816828
1,1465,1143,742.691163605,1891.55380577
1,1466,680,1719.27941176,1875.73235294
1,1467,904,1984.3539823,1885.70464602
1,1468,2471,928.195062728,1872.98624039
1,1469,1428,1670.2254902,1878.61134454
1,1470,1344,1162.71205357,1893.09449405
1,1471,387,1702.77777778,1891.8501292
1,1472,2616,184.951834862,1894.44495413
1,1473,2333,570.101585941,1898.42906129
1,1474,992,631.995967742,1903.2328629
1,1475,1605,694.276635514,1894.39065421
1,1476,804,1645.42661692,1901.03855721
1,1477,697,1667.05882353,1909.33572453
1,1478,208,1709.36057692,1902.26442308
1,1479,1274,946.965463108,1904.90737834
1,1480,1666,1927.52941176,1894.07863145
1,1481,1599,52.4752970607,1907.69981238
1,1482,1007,1763.7775571,1900.27706058
1,1483,1988,347.98943662,1910.61770624
1,1484,1079,663.712696942,1909.12140871
1,1485,552,1686.18478261,1910.84601449
1,1486,2239,1015.95399732,1911.67217508
1,1487,614,1727.51302932,1908.21335505
1,1488,1459,976.391363948,1917.47155586
1,1489,2024,1612.97579051,1916.21590909
1,1490,727,1784.88858322,1906.93397524
1,1491,1838,82.768226333,1917.02013058
1,1492,1971,1821.8665652,1914.42922374
1,1493,2254,303.954747116,1914.15173026
1,1494,1538,822.401820546,1908.36280884
1,1495,523,1703.77820268,1921.79732314
1,1496,1939,1875.54254771,1914.79061372
1,1497,1248,1929.29567308,1922.65224359
1,1498,1995,604.769423559,1930.48471178
1,1499,1529,902.155657292,1916.18770438
1,1500,1889,1556.06987824,1922.41132875
1,1501,1150,1788.59043478,1937.52086957
1,1502,842,818.19239905,1932.58194774
1,1503,652,1741.7208589,1923.26687117
1,1504,1081,690.868640148,1933.77520814
1,1505,2136,1108.65730337,1929.55102996
1,1506,2149,493.234527687,1924.95812006
1,1507,1144,649.895979021,1937.12237762
1,1508,1715,725.351020408,1930.81982507
1,1509,537,1717.66294227,1936.25698324
1,1510,840,1758.05119048,1940.07857143
1,1511,2351,377.957039558,1938.25946406
1,1512,1961,1391.02498725,1932.67210607
1,1513,1910,1905.7591623,1949.32513089
1,1514,412,921.218446602,1936.25242718
1,1515,612,1684.43300654,1938.23529412
1,1516,1451,1638.35217092,1944.82425913
1,1517,1013,900.286278381,1953.85192498
1,1518,2336,167.973030822,1951.77097603
1,1519,1390,871.149640288,1947.63884892
1,1520,2002,1192.97952048,1942.51248751
1,1521,1819,1446.19296317,1949.10995052
1,1522,1653,948.398064126,1949.33635814
1,1523,2096,1859.04866412,1956.70562977
1,1524,2064,1150.13905039,1943.08624031
1,1525,972,1665.42283951,1952.29938272
1,1526,1688,776.111966825,1950.07938389
1,1527,1487,843.131136516,1952.31607263
1,1528,1093,802.705397987,1962.87374199
1,1529,507,1729.4556213,1954.24063116
1,1530,1044,506.426245211,1956.63984674
1,1531,1570,649.97388535,1963.01019108
1,1532,1712,1255.88609813,1955.01401869
1,1533,1726,1819.30938586,1961.56662804
1,1534,2331,23.9425139425,1965.65165165
1,1535,1914,1381.41640543,1966.20794148
1,1536,786,1705.88549618,1960.42239186
1,1537,1987,993.237544036,1963.52793156
1,1538,2645,457.863516068,1963.38676749
1,1539,319,1677.98432602,1970.05642633
1,1540,2421,579.403965304,1968.0
1,1541,2451,736.57119543,1974.0126479
1,1542,474,1167.06962025,1970.55063291
1,1543,1035,1740.80193237,1976.9352657
1,1544,1203,1774.67497922,1970.0
1,1545,2375,206.497684211,1974.58905263
1,1546,1247,934.856455493,1978.02325581
1,1547,1463,1220.582365,1975.83595352
1,1548,209,1713.32535885,1980.32057416
1,1549,1008,494.571428571,1983.55952381
1,1550,475,1689.36842105,1980.00842105
1,1551,1291,529.862896979,1982.48334624
1,1552,1014,818.626232742,1983.19526627
1,1553,336,1660.30952381,1985.20238095
1,1554,1182,1260.8714044,1987.01353638
1,1555,1556,1151.58611825,1986.74550129
1,1556,1534,328.221642764,1984.98500652
1,1557,1358,899.213549337,1986.76877761
1,1558,316,1726.84177215,1994.75316456
1,1559,238,1672.71428571,1993.27310924
1,1560,1602,1958.57740325,1983.79026217
1,1561,709,777.2651622,1990.57827927
1,1562,1236,652.046925566,1988.48462783
1,1563,1112,1635.76978417,1985.03057554
1,1564,357,1699.58263305,1992.56862745
1,1565,757,1779.54161162,1991.84280053
2,1,1074,428.125698324,11.061452514
2,2,625,1322.408,8.0128
2,3,670,1399.07164179,6.84179104478
2,4,1249,1545.67814251,10.5956765412
2,5,358,1864.50837989,5.64525139665
2,6,931,1283.93125671,9.94199785177
2,7,974,1653.48459959,13.3624229979
2,8,1366,1835.55124451,17.1390922401
2,9,1807,605.033757609,16.0503597122
2,10,1721,776.17606043,18.2051133062
2,11,1297,1443.06245181,17.0185042406
2,12,1654,1618.56348247,19.0671100363
2,13,1337,1690.37471952,15.229618549
2,14,1472,1792.21059783,15.964673913
2,15,1816,1929.54515419,20.1916299559
2,16,1646,17.5145808019,21.730255164
2,17,1776,1881.60698198,24.8260135135
2,18,1761,1049.24077229,24.9562748438
2,19,1708,1083.2382904,31.0854800937
2,20,1537,1476.07872479,34.65647365
2,21,1200,1383.985,32.6183333333
2,22,1013,1430.74234946,42.1263573544
2,23,2127,182.493182887,38.243535496
2,24,1948,1284.59702259,44.5965092402
2,25,1162,1407.53958692,46.230636833
2,26,1472,1560.91032609,38.7832880435
2,27,888,1670.82545045,43.8153153153
2,28,1749,1322.18639222,40.0371640938
2,29,1239,1349.3559322,46.2671509282
2,30,2019,1800.2149579,49.8736998514
2,31,1903,1967.04466632,50.140830268
2,32,2549,364.285994508,54.3593566104
2,33,1209,1747.48138958,42.4962779156
2,34,1329,1903.17155756,56.7938299473
2,35,2493,643.769755315,58.2643401524
2,36,2047,36.2330239375,59.5134342941
2,37,952,1930.40441176,63.4537815126
2,38,2116,1602.75141777,53.0798676749
2,39,2155,1709.85336427,56.4097447796
2,40,2253,1855.69773635,62.0119840213
2,41,2008,141.946215139,62.2549800797
2,42,1554,1522.41570142,55.0231660232
2,43,1075,1753.45674419,67.303255814
2,44,2605,1479.38579655,75.9255278311
2,45,2569,992.057609965,69.0369793694
2,46,1500,1657.06933333,71.398
2,47,1547,1362.14802844,71.3122171946
2,48,1047,1571.4565425,72.994269341
2,49,608,1692.25328947,76.5493421053
2,50,2418,868.877998346,83.700165426
2,51,419,1993.38902148,75.0501193317
2,52,2208,186.18115942,86.6037137681
2,53,1064,1523.26503759,87.6466165414
2,54,1829,1969.76489885,90.7627118644
2,55,1784,1199.80717489,86.0952914798
2,56,1012,1747.01086957,88.4970355731
2,57,679,1556.87039764,90.8409425626
2,58,2129,1829.14701738,92.4203851574
2,59,2052,1378.79337232,100.805068226
2,60,899,1604.85205784,92.7619577308
2,61,2528,1148.19026899,98.6305379747
2,62,1482,1536.92442645,114.755060729
2,63,1759,265.801023309,103.077885162
2,64,1773,1677.86632826,104.276931754
2,65,1881,359.561935141,104.926634769
2,66,2295,1282.89673203,99.9564270153
2,67,640,1761.2171875,103.8953125
2,68,1132,1795.9885159,106.096289753
2,69,2078,317.08614052,114.302213667
2,70,1436,1583.81963788,116.736072423
2,71,1841,1631.77131993,115.384573601
2,72,1265,1741.72964427,121.058498024
2,73,1548,850.867571059,124.821705426
2,74,2489,1944.55926075,125.854961832
2,75,2039,1904.44727808,127.110838646
2,76,762,1782.6824147,132.99343832
2,77,2674,1470.83732236,129.167913239
2,78,2625,1701.07314286,143.508190476
2,79,1044,1755.5545977,146.010536398
2,80,2358,815.652247668,145.526717557
2,81,1675,1811.9880597,144.64238806
2,82,2174,1855.97194112,146.882704692
2,83,1610,1577.31552795,153.210559006
2,84,1506,1615.90438247,152.395086321
2,85,3106,1300.53348358,145.957179652
2,86,1350,1251.5762963,148.684444444
2,87,1520,1979.21381579,163.413157895
2,88,427,1746.00468384,169.262295082
2,89,659,1767.01517451,168.113808801
2,90,1893,1277.1780243,186.744849445
2,91,2389,142.615320218,183.893679364
2,92,1381,1837.36133237,181.157132513
2,93,1366,1726.18155198,185.386530015
2,94,2274,421.04001759,185.015391381
2,95,1624,1802.25061576,188.503078818
2,96,1036,1980.496139,194.049227799
2,97,1361,1231.58045555,185.418809699
2,98,1972,1920.62018256,191.959432049
2,99,2464,1563.09090909,200.305600649
2,100,2201,1516.4107224,208.32030895
2,101,2263,232.582412726,207.485638533
2,102,2069,1087.18318028,211.346060899
2,103,1524,1244.38188976,216.320866142
2,104,1637,1958.88149053,214.893097129
2,105,1947,510.912686184,218.497175141
2,106,2475,1754.73252525,207.528888889
2,107,1234,1840.98298217,213.584278768
2,108,2530,971.915019763,228.588932806
2,109,2649,102.88410721,227.146470366
2,110,2146,754.861602982,224.717148183
2,111,2402,1763.97960033,244.136969192
2,112,1556,1880.31876607,232.94344473
2,113,1425,1818.6645614,235.933333333
2,114,2245,1200.15100223,237.974610245
2,115,1699,1929.30488523,241.968216598
2,116,1504,40.8942819149,244.543882979
2,117,1691,1978.11117682,248.043169722
2,118,1484,14.9919137466,257.17722372
2,119,809,1855.37948084,251.080346106
2,120,2159,1238.58777212,261.421491431
2,121,1137,1148.91380827,250.753737907
2,122,2201,918.924579736,272.642889596
2,123,1391,1841.6232926,272.408339324
2,124,1404,1166.82122507,275.981481481
2,125,1175,1889.40510638,268.541276596
2,126,1759,256.295054008,272.076179648
2,127,1128,389.289893617,274.196808511
2,128,1920,360.772395833,270.8640625
2,129,1503,415.724550898,276.691949434
2,130,929,1988.30893434,284.73196986
2,131,2212,295.859855335,278.482368897
2,132,1400,955.670714286,278.402142857
2,133,2145,748.623776224,281.763170163
2,134,2326,1804.86371453,284.71711092
2,135,1695,1934.53215339,279.230678466
2,136,1486,1096.21467026,281.918573351
2,137,1514,1133.7992074,288.21664465
2,138,2454,1015.76283619,285.468622657
2,139,1786,1900.53807391,300.044792833
2,140,2274,22.2238346526,306.713720317
2,141,2178,91.0674931129,309.449954086
2,142,2456,1365.30741042,311.36767101
2,143,1924,773.199064449,316.172557173
2,144,1616,159.351485149,316.766707921
2,145,1479,1111.59296822,322.296146045
2,146,1241,129.792908944,322.264302981
2,147,1851,60.3327930848,329.959481361
2,148,1387,1082.04253785,325.380677722
2,149,2318,1170.76315789,329.86755824
2,150,2069,1767.95456742,329.10439826
2,151,1492,934.146782842,327.442359249
2,152,1849,973.532720389,328.666306111
2,153,3321,1288.14212587,335.115928937
2,154,1762,1975.6861521,327.817820658
2,155,2387,277.093422706,332.71679933
2,156,2082,1893.46253602,337.757925072
2,157,2310,1510.22424242,340.944588745
2,158,241,1993.8879668,343.46473029
2,159,3095,811.373182553,338.756058158
2,160,1848,862.686147186,343.660714286
2,161,1717,580.160163075,348.71927781
2,162,1395,609.343369176,346.885304659
2,163,1288,1062.20652174,345.428571429
2,164,2548,1823.55572998,354.367739403
2,165,2533,1663.47966838,354.083695223
2,166,925,1007.55459459,349.602162162
2,167,2254,924.526175688,362.49068323
2,168,2139,637.246376812,367.590930341
2,169,1708,1052.08489461,370.453161593
2,170,508,989.299212598,361.791338583
2,171,549,1991.72131148,369.601092896
2,172,2324,1762.77237522,373.581325301
2,173,2083,1961.37830053,372.73643783
2,174,2175,359.906666667,376.157701149
2,175,979,1034.97957099,388.654749745
2,176,869,967.612197929,372.616800921
2,177,577,1014.85961872,387.039861352
2,178,2209,677.045722046,388.301041195
2,179,1546,998.864812419,404.874514877
2,180,2365,1901.80338266,394.130232558
2,181,1320,970.942424242,407.218939394
2,182,1649,309.436021831,392.499696786
2,183,2472,1405.00970874,403.624595469
2,184,1493,1728.12190221,400.898191561
2,185,1758,940.333902162,410.658134243
2,186,1117,353.109221128,410.829901522
2,187,2489,127.166733628,415.297308156
2,188,1765,1181.68215297,410.077053824
2,189,1784,326.795964126,433.167600897
2,190,1851,1220.48568341,419.36736899
2,191,2860,1678.36678322,423.713986014
2,192,1852,281.898488121,424.161987041
2,193,2104,682.602186312,429.42918251
2,194,1707,846.655536028,427.220855302
2,195,1286,815.122861586,431.104976672
2,196,1856,1953.23491379,427.027478448
2,197,1402,1125.63837375,425.136947218
2,198,1460,1635.61712329,429.27260274
2,199,1394,1296.79698709,435.838593974
2,200,2129,1730.44340066,437.568811649
2,201,2117,1264.08313651,435.919697685
2,202,1963,1329.37086093,437.899133979
2,203,1634,1141.00550796,450.105875153
2,204,2241,1000.59080768,453.103971441
2,205,1968,645.179369919,455.18902439
2,206,2348,1626.40247019,467.819420784
2,207,1998,1197.13463463,457.729229229
2,208,1960,1968.60459184,464.926020408
2,209,2275,470.698021978,474.001318681
2,210,2221,751.112111661,471.123367852
2,211,2234,425.683974933,474.10698299
2,212,1501,1162.45369753,475.706195869
2,213,1648,1561.37317961,479.397451456
2,214,2601,1098.60399846,491.418685121
2,215,3751,1480.97280725,489.258597707
2,216,1734,203.016147636,488.35005767
2,217,1459,657.436600411,492.989718986
2,218,881,1168.52213394,501.805902384
2,219,1801,1215.63520267,501.348695169
2,220,969,233.988648091,494.647058824
2,221,1537,687.501626545,496.068965517
2,222,2368,1908.67736486,500.853040541
2,223,1513,1561.74818242,518.317911434
2,224,2550,775.591372549,516.561568627
2,225,1118,211.651162791,524.352415027
2,226,1510,1185.37615894,527.18807947
2,227,1479,686.440162272,534.229885057
2,228,2436,1286.32840722,525.910098522
2,229,2096,1529.80582061,532.954198473
2,230,1835,244.135694823,532.713896458
2,231,2268,945.608906526,537.865520282
2,232,2079,34.6075036075,541.203944204
2,233,2015,1404.0471464,542.273945409
2,234,1890,838.822222222,554.682539683
2,235,1898,1494.61327713,563.488935722
2,236,3031,385.372814253,563.677004289
2,237,1559,473.270686337,564.354073124
2,238,2336,1318.70119863,568.814640411
2,239,2343,1681.56209987,575.650448143
2,240,1847,1449.12831619,574.151597185
2,241,2243,1368.51493535,572.80962996
2,242,1830,1179.18360656,570.02568306
2,243,1690,841.816568047,588.603550296
2,244,1859,1233.19956966,583.676169984
2,245,1914,451.288401254,591.417972832
2,246,1956,124.680981595,584.899284254
2,247,2415,955.251345756,591.544927536
2,248,1795,1166.05348189,602.088579387
2,249,2512,654.247611465,593.850318471
2,250,1066,155.945590994,594.675422139
2,251,2559,1872.18093005,596.904259476
2,252,2547,1976.98036906,599.031409501
2,253,2557,504.411028549,600.692217442
2,254,1769,1214.96495195,613.920293951
2,255,1163,111.344797936,613.15133276
2,256,2881,183.476570635,603.601874349
2,257,2092,1426.18642447,610.179732314
2,258,1469,221.162695711,607.506466984
2,259,1632,81.5765931373,610.621323529
2,260,2092,1486.36137667,612.488049713
2,261,1966,1794.96337742,608.848931841
2,262,2201,378.204452522,614.118582463
2,263,1776,801.459459459,613.059684685
2,264,1789,1932.68641699,617.573504751
2,265,1879,832.703033528,636.695582757
2,266,2485,911.820523139,637.857947686
2,267,2123,232.074894018,649.914272256
2,268,2178,1926.72084481,650.208448118
2,269,2696,783.50148368,656.543768546
2,270,1810,1568.31325967,657.82320442
2,271,2234,500.867949866,659.262309758
2,272,3129,367.720038351,667.31831256
2,273,2228,1383.08393178,665.013913824
2,274,1205,1923.43568465,681.21659751
2,275,2099,1349.69556932,676.692710815
2,276,2368,1655.23099662,673.722128378
2,277,1258,514.882352941,685.991255962
2,278,2184,1001.00961538,692.060897436
2,279,2300,1546.15608696,696.823043478
2,280,2272,103.04709507,698.018485915
2,281,2160,202.131018519,696.183796296
2,282,2138,552.622544434,707.057062675
2,283,2151,1212.13482101,706.072524407
2,284,2222,261.693069307,704.869486949
2,285,1742,825.335820896,703.990815155
2,286,1442,229.715672677,721.703190014
2,287,2585,1593.8762089,720.314893617
2,288,2453,1865.95474929,717.719934774
2,289,2583,621.299651568,719.831591173
2,290,2534,1426.96842936,722.422257301
2,291,1342,857.374813711,718.66318927
2,292,2439,135.347273473,740.193111931
2,293,3161,720.743119266,736.586839608
2,294,810,842.164197531,743.290123457
2,295,1545,876.43171521,750.859546926
2,296,2532,1681.45774092,748.547393365
2,297,2711,438.330136481,748.998893397
2,298,1849,396.976744186,755.107084911
2,299,2168,353.473708487,761.531826568
2,300,1862,823.519334049,765.932330827
2,301,2314,1521.64390666,760.968885048
2,302,1949,310.27963058,764.385838892
2,303,2271,670.072655218,772.411712902
2,304,2425,1082.22515464,778.649072165
2,305,2472,475.36407767,794.856796117
2,306,1672,758.354665072,801.440789474
2,307,1945,318.302313625,810.445244216
2,308,2494,694.719326383,813.501202887
2,309,1811,787.20320265,815.18829376
2,310,1484,286.26819407,818.204177898
2,311,1451,84.7463818057,812.939352171
2,312,2419,635.273253411,828.48904506
2,313,1736,131.246543779,826.60656682
2,314,999,104.46046046,831.816816817
2,315,3167,1066.99052731,833.453741711
2,316,1355,724.034686347,831.98597786
2,317,2291,1808.75425578,839.835443038
2,318,2719,50.4067671938,849.536962118
2,319,2182,845.953253896,847.625114574
2,320,2624,1264.83879573,848.370807927
2,321,2440,741.427868852,870.034836066
2,322,2466,933.98053528,871.46999189
2,323,2264,875.230565371,886.077738516
2,324,1807,1767.29330382,889.113447703
2,325,852,357.691314554,891.526995305
2,326,1492,927.266085791,906.686997319
2,327,1523,1288.76625082,900.847669074
2,328,876,1786.59931507,906.715753425
2,329,2190,395.785844749,908.352968037
2,330,1673,353.563060371,923.828451883
2,331,2177,1324.8286633,917.418006431
2,332,1469,1028.30633084,914.857045609
2,333,1307,1788.84009181,930.258607498
2,334,1999,953.314657329,938.188094047
2,335,1432,1112.39106145,928.726955307
2,336,1829,1254.76161837,922.58775287
2,337,2412,93.64013267,942.199004975
2,338,1926,721.399792316,938.51298027
2,339,2008,998.344123506,938.474601594
2,340,1684,1746.43705463,939.375890736
2,341,1685,1071.95430267,931.411869436
2,342,1165,1719.25493562,944.256652361
2,343,1649,1047.66464524,953.563978169
2,344,2195,501.932118451,949.859681093
2,345,994,1186.36519115,938.543259557
2,346,828,1114.98429952,951.216183575
2,347,2512,1873.72571656,955.751592357
2,348,2323,1254.26345243,957.698235041
2,349,616,1135.45779221,960.672077922
2,350,1946,1211.15364851,956.440390545
2,351,2731,139.415598682,975.828268034
2,352,2535,828.046548323,976.033136095
2,353,2040,1704.68088235,976.651470588
2,354,1740,1183.68908046,982.217816092
2,355,1775,1098.90760563,979.762816901
2,356,798,1141.17669173,980.928571429
2,357,2636,419.551213961,983.883915023
2,358,2075,925.448192771,988.765783133
2,359,2392,1553.41011706,995.327341137
2,360,1359,1166.52244297,1004.33186166
2,361,1684,962.764251781,1007.32007126
2,362,807,1125.07187113,1008.25898389
2,363,2155,1251.36798144,1019.07610209
2,364,721,1153.77253814,1026.61442441
2,365,1378,1419.97097242,1016.20682148
2,366,704,931.649147727,1025.96164773
2,367,1823,1394.35710368,1033.02358749
2,368,2311,145.55906534,1030.95845954
2,369,939,959.510117146,1042.20660277
2,370,1011,990.737883284,1028.25519288
2,371,1597,1944.96117721,1033.00125235
2,372,2561,379.012495119,1039.14213198
2,373,2186,1908.99359561,1035.7516011
2,374,1390,1011.38633094,1038.68776978
2,375,974,1117.57802875,1033.7926078
2,376,1770,1975.04237288,1041.32768362
2,377,227,1140.50220264,1037.70044053
2,378,1352,926.670857988,1052.13387574
2,379,869,1128.54775604,1061.27617952
2,380,2314,1631.89282627,1047.16032844
2,381,2524,1695.71711569,1048.07448494
2,382,2197,1183.54528903,1053.22030041
2,383,996,1025.24698795,1058.39457831
2,384,1002,1154.98303393,1068.00399202
2,385,1657,896.011466506,1060.11104406
2,386,1164,1054.25601375,1052.17783505
2,387,1981,860.808682484,1066.80817769
2,388,1973,45.8753167765,1053.80790674
2,389,2469,1218.76346699,1069.09396517
2,390,1170,1054.77264957,1079.52222222
2,391,2898,1273.47550035,1078.64803313
2,392,2102,48.2012369172,1092.08135109
2,393,1371,1314.99927061,1081.87162655
2,394,1168,1365.40325342,1085.17037671
2,395,1955,1623.3601023,1091.95191816
2,396,552,1074.84057971,1093.13768116
2,397,1460,1123.7369863,1088.48219178
2,398,1372,1336.32434402,1097.38046647
2,399,3227,809.37991943,1093.07530214
2,400,1217,1093.08052588,1102.49958915
2,401,952,1058.70168067,1112.14705882
2,402,1597,1402.62492173,1100.84846587
2,403,2953,679.776837115,1120.11310532
2,404,1850,189.302702703,1116.27081081
2,405,1074,1111.38733706,1130.64711359
2,406,1694,220.909681228,1120.63164109
2,407,1805,1143.98171745,1125.79833795
2,408,1718,1359.28521537,1127.5209546
2,409,1815,287.101928375,1116.73057851
2,410,1021,1400.85798237,1130.55044074
2,411,1723,1951.07835171,1129.71967499
2,412,1395,1981.68172043,1129.45017921
2,413,1272,291.185534591,1147.25707547
2,414,2434,1443.72884141,1138.50493016
2,415,2350,107.271489362,1137.98042553
2,416,1203,256.986699917,1146.59684123
2,417,1348,1560.87462908,1147.35385757
2,418,1383,1536.71800434,1138.86406363
2,419,1908,1652.9884696,1142.99318658
2,420,2290,1781.6650655,1151.22008734
2,421,2515,152.826242545,1151.31053678
2,422,1622,588.143033292,1156.23427867
2,423,2557,623.827532264,1149.15330465
2,424,2604,1685.01382488,1167.31950845
2,425,1959,1046.21031138,1162.07299643
2,426,1893,471.63602747,1166.73005811
2,427,1146,1573.95375218,1168.94415358
2,428,1995,1163.00501253,1175.01002506
2,429,1818,44.1688668867,1173.83663366
2,430,2318,1004.89344262,1177.98490078
2,431,1971,1980.58599696,1176.10045662
2,432,922,1583.77982646,1185.86117137
2,433,1836,1071.02069717,1192.97930283
2,434,2212,1528.36799277,1194.88381555
2,435,2511,409.260055755,1189.08562326
2,436,1896,490.714662447,1199.77109705
2,437,1034,1607.80947776,1201.8549323
2,438,2506,1727.56544294,1213.13527534
2,439,2428,1127.35049423,1211.42751236
2,440,2067,1826.77697146,1215.77745525
2,441,1418,1579.4887165,1218.89492243
2,442,1928,928.113070539,1216.56794606
2,443,1836,16.2962962963,1224.81699346
2,444,2366,1679.34784446,1222.38038884
2,445,1461,1862.94250513,1222.68104038
2,446,1965,59.8229007634,1214.70127226
2,447,1547,1624.00452489,1228.10019392
2,448,1207,145.611433306,1220.44987572
2,449,1426,116.008415147,1224.97685835
2,450,1177,283.658453696,1231.77485132
2,451,1144,87.8199300699,1239.43356643
2,452,1721,1961.37361999,1237.01452644
2,453,944,182.531779661,1235.41207627
2,454,2482,1197.11039484,1246.21514907
2,455,948,156.878691983,1239.93248945
2,456,1524,252.583333333,1243.0183727
2,457,2512,389.816480892,1249.55453822
2,458,2436,1099.80295567,1253.5681445
2,459,1093,53.9853613907,1251.06953339
2,460,750,1992.024,1259.384
2,461,546,118.783882784,1259.05311355
2,462,959,175.794577685,1262.92596455
2,463,1203,214.829592685,1254.50374065
2,464,2542,711.840283242,1260.19826908
2,465,2251,1457.2070191,1262.87072412
2,466,1974,1624.56940223,1265.37892604
2,467,346,141.335260116,1266.44219653
2,468,1413,1963.71125265,1270.15286624
2,469,2032,605.848425197,1265.96309055
2,470,823,73.1798298906,1275.86148238
2,471,510,279.480392157,1265.83137255
2,472,2020,309.312871287,1271.3019802
2,473,962,39.2027027027,1273.21309771
2,474,1758,502.558020478,1275.05802048
2,475,419,5.40572792363,1267.66825776
2,476,670,99.0910447761,1275.22089552
2,477,398,194.457286432,1275.3718593
2,478,1060,239.298113208,1278.76320755
2,479,393,264.600508906,1275.95165394
2,480,2427,1507.40997116,1277.26617223
2,481,1033,18.390125847,1286.15779284
2,482,415,163.843373494,1285.82168675
2,483,1128,352.040780142,1276.32180851
2,484,1530,554.683660131,1275.88300654
2,485,473,378.923890063,1282.29809725
2,486,2075,438.479036145,1275.64289157
2,487,1857,1337.23801831,1284.74098008
2,488,966,399.620082816,1289.07039337
2,489,1121,124.859946476,1290.17395183
2,490,256,178.171875,1291.87109375
2,491,616,326.551948052,1295.11363636
2,492,2405,668.782536383,1295.71309771
2,493,1702,1032.85663925,1291.07990599
2,494,605,45.9851239669,1299.39504132
2,495,684,279.910818713,1301.34649123
2,496,378,81.8095238095,1294.57407407
2,497,1346,205.941307578,1298.18053492
2,498,1647,579.030965392,1302.20643594
2,499,384,103.057291667,1304.41927083
2,500,1475,527.603389831,1300.95118644
2,501,2253,1403.71238349,1301.04260985
2,502,535,149.671028037,1294.31962617
2,503,1632,925.053308824,1298.87867647
2,504,222,343.630630631,1301.74774775
2,505,448,411.825892857,1306.54241071
2,506,2271,959.549977983,1309.30823426
2,507,1807,1450.82567792,1304.53458771
2,508,615,368.204878049,1305.38373984
2,509,1404,639.943732194,1311.34045584
2,510,588,434.977891156,1310.14455782
2,511,678,54.5619469027,1316.29351032
2,512,394,133.314720812,1311.85025381
2,513,995,246.945728643,1304.72562814
2,514,1864,1263.88572961,1308.60890558
2,515,511,84.5851272016,1310.92563601
2,516,1401,473.655960029,1307.21841542
2,517,1878,1028.68796592,1324.29286475
2,518,348,6.06896551724,1309.40804598
2,519,433,163.145496536,1313.18706697
2,520,846,302.30141844,1315.73995272
2,521,466,534.315450644,1320.57081545
2,522,533,392.161350844,1319.79174484
2,523,921,349.640608035,1321.65038002
2,524,1006,1296.41749503,1311.62624254
2,525,1226,177.622349103,1330.64763458
2,526,347,246.680115274,1320.90201729
2,527,245,198.395918367,1327.57959184
2,528,257,216.891050584,1321.96108949
2,529,855,33.5052631579,1332.51345029
2,530,564,132.879432624,1329.31914894
2,531,857,266.897316219,1330.75845974
2,532,683,88.6734992679,1333.05710102
2,533,1005,825.411940299,1321.48159204
2,534,639,149.585289515,1340.3458529
2,535,517,317.760154739,1327.76402321
2,536,283,8.48056537102,1327.72084806
2,537,609,61.6896551724,1335.06568144
2,538,624,485.942307692,1329.59935897
2,539,1402,1291.49001427,1339.58202568
2,540,389,234.681233933,1331.98457584
2,541,586,421.156996587,1331.21843003
2,542,1585,113.595583596,1348.14763407
2,543,735,520.587755102,1334.65714286
2,544,420,367.226190476,1340.76904762
2,545,397,497.481108312,1340.70528967
2,546,2008,610.987051793,1333.41633466
2,547,1436,1100.08356546,1341.39623955
2,548,829,17.6634499397,1347.48974668
2,549,665,205.290225564,1343.21353383
2,550,1497,341.268537074,1353.63994656
2,551,1264,447.97943038,1338.61867089
2,552,2500,738.2992,1341.9808
2,553,2237,904.479660259,1342.58068842
2,554,2209,1569.36306021,1339.83295609
2,555,2172,792.643646409,1348.82366483
2,556,1780,841.102808989,1348.73370787
2,557,812,287.109605911,1350.35837438
2,558,872,308.571100917,1358.10321101
2,559,203,485.911330049,1350.09852217
2,560,657,413.911719939,1351.33181126
2,561,2037,1068.10800196,1354.23956799
2,562,1278,546.6885759,1347.15884194
2,563,768,268.016927083,1361.46354167
2,564,2144,1633.16837687,1351.51725746
2,565,1242,223.333333333,1359.6489533
2,566,1169,72.1719418306,1359.5508982
2,567,1558,380.794608472,1355.96405648
2,568,2135,1158.79906323,1359.33770492
2,569,387,515.020671835,1359.89405685
2,570,395,476.141772152,1359.98481013
2,571,424,455.141509434,1362.08018868
2,572,705,569.053900709,1357.62695035
2,573,785,589.194904459,1365.64968153
2,574,1076,246.728624535,1374.96654275
2,575,451,495.195121951,1366.33259424
2,576,2267,1535.88001764,1368.77547419
2,577,938,13.0,1374.91044776
2,578,1754,167.553021665,1371.12086659
2,579,505,384.918811881,1379.33465347
2,580,1126,435.103019538,1383.42806394
2,581,304,542.990131579,1371.26973684
2,582,874,618.516018307,1365.89816934
2,583,1336,45.0486526946,1380.41616766
2,584,841,1626.85969084,1384.1843044
2,585,2478,1822.47094431,1376.00766747
2,586,464,628.44612069,1377.82543103
2,587,1292,1657.40712074,1384.08591331
2,588,2234,675.126230976,1371.48836168
2,589,511,509.518590998,1381.25048924
2,590,491,537.849287169,1383.35234216
2,591,497,463.368209256,1379.84507042
2,592,468,483.194444444,1388.22649573
2,593,1308,405.603211009,1386.78058104
2,594,1476,201.216802168,1390.16463415
2,595,2746,324.332483613,1397.72505462
2,596,308,524.224025974,1394.07467532
2,597,2006,1189.54087737,1395.63908275
2,598,2997,1337.11845179,1395.78511845
2,599,1244,615.194533762,1398.99356913
2,600,1401,1148.76945039,1401.99143469
2,601,863,651.216685979,1401.16685979
2,602,824,499.341019417,1404.92475728
2,603,794,562.82115869,1392.14861461
2,604,1639,687.075655888,1411.60585723
2,605,2350,1086.43021277,1406.06808511
2,606,959,581.401459854,1405.43065693
2,607,1701,463.80893592,1415.28277484
2,608,1010,547.683168317,1414.70792079
2,609,2014,771.002979146,1419.90714995
2,610,2626,1256.42460015,1419.34196497
2,611,2355,144.58895966,1424.58216561
2,612,2326,932.172828891,1420.09759243
2,613,1180,403.88559322,1419.92457627
2,614,1007,436.193644489,1429.73684211
2,615,582,602.749140893,1426.88659794
2,616,2352,1625.86479592,1426.40943878
2,617,1080,503.723148148,1428.83148148
2,618,972,623.174897119,1432.32407407
2,619,1514,649.151254954,1440.29788639
2,620,994,582.50804829,1444.25251509
2,621,1082,378.454713494,1438.58410351
2,622,2732,46.9000732064,1440.0204978
2,623,2096,823.988549618,1444.25572519
2,624,1677,171.725700656,1447.673226
2,625,2283,543.429259746,1448.76609724
2,626,1331,406.268970699,1456.66641623
2,627,2900,1110.21344828,1447.81206897
2,628,2424,339.313118812,1452.42863036
2,629,1969,458.973082783,1460.16912138
2,630,1456,510.032967033,1465.7918956
2,631,2048,1247.78662109,1467.86572266
2,632,2585,972.513733075,1464.60348162
2,633,2427,791.38566131,1474.93242686
2,634,2013,1962.96025832,1472.90660705
2,635,1987,1677.99698037,1476.03925516
2,636,2534,1826.89542226,1483.8133386
2,637,2335,1774.18158458,1489.45910064
2,638,2196,221.95856102,1487.40163934
2,639,2032,1648.64812992,1496.34694882
2,640,1927,40.4224182667,1484.87285937
2,641,2641,1408.32752745,1489.0306702
2,642,1747,300.010875787,1498.25643961
2,643,1748,607.260297483,1506.75800915
2,644,2564,167.601014041,1502.39196568
2,645,1802,119.004994451,1507.37680355
2,646,2281,419.516440158,1508.35072337
2,647,2265,1940.90772627,1514.63664459
2,648,2199,251.109595271,1517.27557981
2,649,1733,28.9642238892,1519.50548182
2,650,2029,483.701823558,1520.59635288
2,651,1834,288.579607415,1534.12540894
2,652,655,6.16030534351,1531.27022901
2,653,2343,77.2761416987,1527.77037985
2,654,1191,1180.28379513,1527.5852225
2,655,2236,1641.10107335,1543.70483005
2,656,1618,1193.60877627,1553.91347342
2,657,2259,436.583444002,1549.40150509
2,658,2519,694.984517666,1553.61492656
2,659,2532,764.084518167,1557.83728278
2,660,2228,1130.40305206,1557.58034111
2,661,2103,39.2287208749,1567.57203994
2,662,1393,88.5384063173,1566.49820531
2,663,2192,1290.28877737,1567.19936131
2,664,1968,131.49847561,1574.1570122
2,665,2132,1773.00891182,1580.55487805
2,666,2208,170.405344203,1575.70742754
2,667,1082,206.890942699,1573.46672828
2,668,1812,233.361479029,1589.23068433
2,669,2440,910.601639344,1587.26516393
2,670,1864,1233.56062232,1588.57296137
2,671,1102,69.6787658802,1592.08166969
2,672,1785,355.934453782,1595.14509804
2,673,1972,1269.43559838,1605.56338742
2,674,1153,193.761491761,1610.3876843
2,675,1238,98.0662358643,1606.14378029
2,676,2857,863.15540777,1610.79943997
2,677,2423,1068.24391251,1616.58646306
2,678,2336,317.499571918,1615.52097603
2,679,1029,1152.86783285,1613.90379009
2,680,2597,1667.51636504,1628.91490181
2,681,1640,95.6865853659,1633.80365854
2,682,1762,1176.58342792,1630.80476731
2,683,2116,467.670132325,1631.21455577
2,684,2605,379.728214971,1634.10326296
2,685,1922,27.7903225806,1641.3314256
2,686,1936,1126.88326446,1641.57438017
2,687,2444,1413.53314239,1640.27495908
2,688,2429,218.143680527,1646.2437217
2,689,1338,651.520179372,1643.29745889
2,690,2686,1736.88719285,1652.85219657
2,691,1916,626.442588727,1661.39561587
2,692,2302,143.326672459,1652.83492615
2,693,2524,828.760697306,1660.53922345
2,694,1811,309.880728879,1663.643291
2,695,1786,180.579507279,1675.64893617
2,696,1668,17.6504796163,1682.94964029
2,697,1215,332.367901235,1683.7473251
2,698,1911,1059.47933019,1679.25641026
2,699,2310,1171.04155844,1680.92424242
2,700,1274,1029.99058085,1691.31397174
2,701,2362,878.129127858,1697.723116
2,702,2882,1821.1759195,1692.78938237
2,703,1369,222.742878013,1702.93133674
2,704,2413,1478.59179445,1709.74264401
2,705,1728,362.896990741,1713.7025463
2,706,1237,1197.93209378,1710.40582053
2,707,1468,320.961171662,1716.93324251
2,708,2230,1679.28340807,1717.98071749
2,709,2457,1357.64468864,1727.78103378
2,710,1775,132.795492958,1726.95774648
2,711,1746,236.768041237,1732.92210767
2,712,2096,1209.36784351,1740.42557252
2,713,2056,538.565175097,1731.95622568
2,714,1626,15.5036900369,1734.70233702
2,715,1928,276.045124481,1745.51659751
2,716,1648,339.373786408,1750.80703883
2,717,1237,381.493936944,1748.57720291
2,718,1677,676.665474061,1755.25104353
2,719,1933,866.330056906,1763.00155199
2,720,2055,57.4851581509,1764.75328467
2,721,1922,957.547346514,1768.14724246
2,722,2027,402.842131228,1770.19486926
2,723,2329,1931.87419493,1772.54229283
2,724,1804,18.9057649667,1783.18514412
2,725,1188,662.401515152,1783.20286195
2,726,2199,1541.67712597,1773.61437017
2,727,1914,324.680250784,1789.16509927
2,728,2983,1755.34596044,1789.78008716
2,729,1326,360.939668175,1792.50452489
2,730,2282,995.920245399,1792.83786152
2,731,1367,412.243599122,1799.01609364
2,732,2662,1127.86213373,1794.79601803
2,733,2506,155.87150838,1799.05586592
2,734,2466,1423.9217356,1799.58313058
2,735,3028,1520.33256275,1810.37186262
2,736,2048,1582.28759766,1820.70166016
2,737,2218,1897.63435528,1814.48917944
2,738,1168,255.275684932,1813.0625
2,739,1685,229.126409496,1825.39881306
2,740,2454,1229.91483293,1830.04400978
2,741,2646,313.452758881,1839.87717309
2,742,1661,1686.2576761,1829.14930765
2,743,419,1994.30548926,1827.69689737
2,744,1551,275.99032882,1836.53255964
2,745,933,1707.76098607,1843.21436227
2,746,1865,1971.01715818,1836.87774799
2,747,1363,1923.78503302,1838.77842993
2,748,2385,493.098951782,1844.90901468
2,749,2512,1089.64012739,1844.55214968
2,750,2310,105.268831169,1847.16017316
2,751,1030,10.5291262136,1852.68640777
2,752,2723,594.538009548,1853.05949321
2,753,399,1991.5839599,1861.81954887
2,754,604,1944.92549669,1852.22682119
2,755,1994,193.076730191,1853.53209629
2,756,2158,1789.30166821,1851.17099166
2,757,2095,1832.90644391,1853.6902148
2,758,2228,1554.47486535,1862.67728905
2,759,1744,380.247133028,1871.6875
2,760,2397,1650.87400918,1869.01251564
2,761,1447,1943.8894264,1876.95577056
2,762,1644,218.986618005,1876.7676399
2,763,2315,41.226349892,1883.68423326
2,764,1438,409.517385257,1882.04242003
2,765,1364,1791.41642229,1888.25733138
2,766,2293,1888.6210205,1880.62450938
2,767,2456,883.821661238,1886.27239414
2,768,2048,1602.60498047,1885.10058594
2,769,1316,1982.15197568,1891.36398176
2,770,2409,337.530095475,1892.46201743
2,771,2558,684.230258014,1893.27130571
2,772,711,1829.66807314,1890.64416315
2,773,1178,1919.48896435,1902.00509338
2,774,2268,151.781305115,1900.82892416
2,775,2721,452.943403161,1902.78022786
2,776,1856,263.963900862,1905.02209052
2,777,1629,1840.26396562,1911.08901166
2,778,2160,1570.47453704,1913.02685185
2,779,1119,1800.35835567,1918.57998213
2,780,3233,791.164553047,1922.60098979
2,781,789,1948.01013942,1919.33206591
2,782,1228,13.4975570033,1923.16530945
2,783,1757,227.245304496,1919.35287422
2,784,2947,1626.41228368,1928.81947743
2,785,999,1860.40840841,1923.27027027
2,786,1769,1977.2866026,1928.43131713
2,787,1613,1773.9417235,1930.4283943
2,788,1843,103.908844276,1927.38415627
2,789,479,133.283924843,1926.24843424
2,790,976,1888.72438525,1931.00819672
2,791,1503,1924.23153693,1937.4324684
2,792,2483,1381.94039468,1935.55175191
2,793,2775,1497.87063063,1932.41477477
2,794,2110,1727.95971564,1938.53270142
2,795,1832,401.396834061,1943.75873362
2,796,1418,136.177009873,1950.31734838
2,797,1606,231.685554172,1954.74595268
2,798,2594,587.109483423,1949.58249807
2,799,1694,1862.84297521,1956.86540732
2,800,2513,343.653004377,1957.96418623
2,801,2540,190.513385827,1963.50590551
2,802,559,1749.0411449,1956.79785331
2,803,1618,19.934487021,1961.84796044
2,804,1122,1131.52406417,1952.21925134
2,805,993,1959.61933535,1960.18630413
2,806,2122,470.509425071,1971.68897267
2,807,1992,1134.54668675,1979.75953815
2,808,2566,1764.46804365,1979.52455183
2,809,2142,1661.86741363,1980.57236228
2,810,1510,1707.56556291,1979.82450331
2,811,1048,1981.6230916,1982.47709924
2,812,1622,511.755856967,1981.65351418
2,813,1684,263.059976247,1983.05463183
2,814,1772,774.278781038,1984.02200903
2,815,1706,1354.57854631,1981.77198124
2,816,1178,101.511035654,1982.74278438
2,817,1644,1928.0906326,1979.54683698
2,818,780,69.8602564103,1986.26025641
2,819,1129,1594.65190434,1988.16031887
2,820,352,1960.00568182,1993.56534091
